month,lat,tas
1,-90.0,-27.704314019944974
1,-89.05759162303664,-27.768067095014704
1,-88.1151832460733,-27.135497358110413
1,-87.17277486910994,-25.615550888909343
1,-86.2303664921466,-23.82954862382677
1,-85.28795811518324,-21.64064900080354
1,-84.3455497382199,-19.894896136389843
1,-83.40314136125654,-19.12831317053916
1,-82.46073298429319,-18.515116320716025
1,-81.51832460732984,-18.33519411087029
1,-80.57591623036649,-18.27470678753331
1,-79.63350785340315,-18.296475251515787
1,-78.69109947643979,-18.3583153088888
1,-77.74869109947645,-18.21357472737622
1,-76.80628272251309,-17.56892463896018
1,-75.86387434554973,-16.56237771775995
1,-74.92146596858639,-15.37447330686786
1,-73.97905759162303,-14.435030725267126
1,-73.03664921465969,-13.096000565422868
1,-72.09424083769633,-11.400104469723097
1,-71.15183246073298,-9.54163116878934
1,-70.20942408376963,-7.94982073042132
1,-69.26701570680629,-6.508100085788304
1,-68.32460732984293,-4.786601543426499
1,-67.38219895287958,-2.8359177907307838
1,-66.43979057591623,-1.1443849139743385
1,-65.49738219895288,-0.10554811689588789
1,-64.55497382198953,0.5153334935506162
1,-63.61256544502618,0.9808641009860508
1,-62.67015706806283,1.3989850150214262
1,-61.72774869109948,1.775419447157118
1,-60.78534031413612,2.1663741005791612
1,-59.84293193717278,2.5868114895290644
1,-58.90052356020942,3.0285450617472334
1,-57.95811518324607,3.496053801642539
1,-57.01570680628272,3.9838799370659745
1,-56.07329842931937,4.497374322679314
1,-55.13089005235602,4.995994673834898
1,-54.18848167539267,5.513433244493256
1,-53.24607329842932,6.05377546946209
1,-52.303664921465966,6.670404964023186
1,-51.361256544502616,7.27335463629825
1,-50.41884816753927,7.88186507754854
1,-49.47643979057592,8.517682605319502
1,-48.53403141361257,9.199100282457163
1,-47.59162303664922,9.870171017116945
1,-46.64921465968587,10.543846024407337
1,-45.70680628272251,11.229138480292503
1,-44.76439790575916,11.94772794511579
1,-43.82198952879581,12.662396536932976
1,-42.87958115183246,13.355832735697454
1,-41.93717277486911,14.04769706726071
1,-40.99476439790576,14.803222444322477
1,-40.05235602094241,15.600706842210496
1,-39.109947643979055,16.35179795159224
1,-38.167539267015705,17.099445766872858
1,-37.225130890052355,17.807236141628593
1,-36.282722513089006,18.5440990659925
1,-35.340314136125656,19.188537597656364
1,-34.397905759162306,19.812711079915513
1,-33.455497382198956,20.422953075832748
1,-32.5130890052356,21.021743880377976
1,-31.57068062827225,21.59240288204614
1,-30.6282722513089,22.16929880777976
1,-29.68586387434555,22.653392367892682
1,-28.7434554973822,23.106151686774258
1,-27.80104712041885,23.510708596971302
1,-26.8586387434555,23.850793732537294
1,-25.916230366492144,24.203108151753714
1,-24.9738219895288,24.532999886406735
1,-24.031413612565444,24.82493485344774
1,-23.0890052356021,25.00947040981721
1,-22.146596858638745,25.17570813496899
1,-21.204188481675388,25.29310056898321
1,-20.261780104712045,25.357330958048625
1,-19.31937172774869,25.42847315470381
1,-18.376963350785346,25.500286844041483
1,-17.43455497382199,25.699146800570936
1,-16.492146596858646,25.909747229682015
1,-15.54973821989529,26.06694338056785
1,-14.607329842931932,26.11301273769797
1,-13.66492146596859,26.262607574463036
1,-12.722513089005233,26.41314760843898
1,-11.78010471204189,26.604964574178105
1,-10.837696335078533,26.761176109313976
1,-9.89528795811519,26.916749318440914
1,-8.952879581151834,27.045409520467043
1,-8.010471204188477,27.168800036112362
1,-7.068062827225134,27.268087916904037
1,-6.125654450261777,27.331444528367854
1,-5.1832460732984345,27.392745971679627
1,-4.240837696335078,27.38806809319398
1,-3.298429319371735,27.344246652391057
1,-2.356020942408378,27.375736766391245
1,-1.4136125654450211,27.364886495802256
1,-0.47120418848167844,27.348047362433444
1,0.47120418848167844,27.352577209472532
1,1.4136125654450211,27.401870197720125
1,2.356020942408378,27.486851056416747
1,3.2984293193717207,27.532664087083443
1,4.240837696335078,27.506944444444542
1,5.1832460732984345,27.408378283182728
1,6.125654450261777,27.268294546339323
1,7.068062827225134,27.052426338195804
1,8.010471204188477,26.892528745863068
1,8.952879581151834,26.640367719862073
1,9.895287958115176,26.309676170349174
1,10.837696335078533,26.019722832573787
1,11.78010471204189,25.694012006123874
1,12.722513089005233,25.362242698669306
1,13.66492146596859,24.972982936435404
1,14.607329842931932,24.502870029873264
1,15.54973821989529,24.06635591718893
1,16.492146596858632,23.687517378065262
1,17.43455497382199,23.27442836761471
1,18.376963350785346,22.846651713053276
1,19.31937172774869,22.343284606933622
1,20.261780104712045,21.910023265414893
1,21.204188481675388,21.46259742312954
1,22.146596858638745,20.915721469455235
1,23.089005235602087,20.334902763366756
1,24.031413612565444,19.74133502112487
1,24.9738219895288,19.12781969706211
1,25.916230366492144,18.44708877139623
1,26.8586387434555,17.52950265672482
1,27.801047120418843,16.379538218180347
1,28.7434554973822,15.210397190517769
1,29.685863874345543,14.125014305114675
1,30.6282722513089,13.180888387891883
1,31.570680628272257,12.336218304104237
1,32.5130890052356,11.38368071450133
1,33.455497382198956,10.341566562652572
1,34.3979057591623,9.261008156670536
1,35.340314136125656,8.334739049275761
1,36.282722513089,7.65804778205021
1,37.225130890052355,7.002044465806712
1,38.16753926701571,6.031101968553339
1,39.10994764397907,5.089658313327332
1,40.0523560209424,3.9877451790703544
1,40.994764397905755,2.9959856669108285
1,41.93717277486911,1.8689545525444817
1,42.87958115183247,1.0163513819376633
1,43.8219895287958,0.18005084991454884
1,44.764397905759154,-0.9163809352450867
1,45.70680628272251,-2.1654527982076157
1,46.64921465968587,-3.2118947770860617
1,47.591623036649224,-4.117316351996518
1,48.53403141361255,-5.029620594448527
1,49.47643979057591,-5.659041351742184
1,50.41884816753927,-6.30269797643025
1,51.36125654450262,-6.81983084148828
1,52.30366492146598,-7.231748369005025
1,53.24607329842931,-7.588842603895419
1,54.188481675392666,-7.880962954627118
1,55.13089005235602,-8.047847588857
1,56.07329842931938,-8.404619746738009
1,57.01570680628271,-8.773570113711903
1,57.958115183246065,-9.221104198032
1,58.90052356020942,-9.89804633458456
1,59.84293193717278,-11.037136236826498
1,60.785340314136135,-12.45826133092249
1,61.727748691099464,-13.77230866750082
1,62.67015706806282,-14.784055021074046
1,63.61256544502618,-15.737850136226992
1,64.55497382198953,-16.899246904585016
1,65.49738219895289,-17.981641663445433
1,66.43979057591622,-18.915810320112467
1,67.38219895287958,-19.571206410725846
1,68.32460732984293,-19.822735733456028
1,69.26701570680629,-19.874679035610612
1,70.20942408376962,-19.707507345411628
1,71.15183246073298,-19.625859684414355
1,72.09424083769633,-20.046772003173704
1,73.03664921465969,-20.30775992075597
1,73.97905759162305,-20.496396541595345
1,74.92146596858638,-21.053814040289907
1,75.86387434554973,-21.55896891487977
1,76.80628272251309,-22.118744426303536
1,77.74869109947645,-22.861409081352964
1,78.6910994764398,-23.60073026021337
1,79.63350785340313,-23.95017491446614
1,80.57591623036649,-24.347563849555197
1,81.51832460732984,-24.725223064422504
1,82.4607329842932,-25.159365601009796
1,83.40314136125653,-25.352825747595777
1,84.34554973821989,-25.526125219133228
1,85.28795811518324,-25.895418696933223
1,86.2303664921466,-26.25061840481226
1,87.17277486910996,-26.455529795752653
1,88.11518324607329,-26.719234996371913
1,89.05759162303664,-26.993888325161326
1,90.0,-27.093619187672953
2,-90.0,-37.39316129684452
2,-89.05759162303664,-37.334732002682024
2,-88.1151832460733,-36.465481970045566
2,-87.17277486910994,-34.52928935156939
2,-86.2303664921466,-32.417367617289216
2,-85.28795811518324,-29.68224700291941
2,-84.3455497382199,-27.601616912417963
2,-83.40314136125654,-26.652365684509483
2,-82.46073298429319,-26.00730408562556
2,-81.51832460732984,-25.8425958421494
2,-80.57591623036649,-25.925763554043332
2,-79.63350785340315,-25.88517517513711
2,-78.69109947643979,-25.622777620951393
2,-77.74869109947645,-24.74231264326296
2,-76.80628272251309,-23.48816659715451
2,-75.86387434554973,-21.958561367458845
2,-74.92146596858639,-20.341961171892024
2,-73.97905759162303,-18.95472494761139
2,-73.03664921465969,-17.154722107781268
2,-72.09424083769633,-14.93849722544344
2,-71.15183246073298,-12.553054703606511
2,-70.20942408376963,-10.388187037573973
2,-69.26701570680629,-8.440763261583124
2,-68.32460732984293,-6.102558400895833
2,-67.38219895287958,-3.7733937899271535
2,-66.43979057591623,-1.6483812332153347
2,-65.49738219895288,-0.1927049424913201
2,-64.55497382198953,0.6602593527899816
2,-63.61256544502618,1.2446584701538026
2,-62.67015706806283,1.6997465557522193
2,-61.72774869109948,2.088101387023926
2,-60.78534031413612,2.4905715518527662
2,-59.84293193717278,2.9162456724378605
2,-58.90052356020942,3.353681776258682
2,-57.95811518324607,3.81324842241077
2,-57.01570680628272,4.290447870890307
2,-56.07329842931937,4.792483647664397
2,-55.13089005235602,5.280371559990767
2,-54.18848167539267,5.797021441989464
2,-53.24607329842932,6.342887348598922
2,-52.303664921465966,6.965420193142383
2,-51.361256544502616,7.572520256042452
2,-50.41884816753927,8.191014077928328
2,-49.47643979057592,8.83901860978862
2,-48.53403141361257,9.543204519483803
2,-47.59162303664922,10.252831141153937
2,-46.64921465968587,10.959910392761293
2,-45.70680628272251,11.676346566942081
2,-44.76439790575916,12.425116221109983
2,-43.82198952879581,13.165611373053583
2,-42.87958115183246,13.869518068101684
2,-41.93717277486911,14.569360521104558
2,-40.99476439790576,15.351649284362887
2,-40.05235602094241,16.147545602586472
2,-39.109947643979055,16.890092743767525
2,-38.167539267015705,17.634419971042245
2,-37.225130890052355,18.364930576748215
2,-36.282722513089006,19.129566510518327
2,-35.340314136125656,19.796946843465275
2,-34.397905759162306,20.429939164055874
2,-33.455497382198956,21.0385213428073
2,-32.5130890052356,21.633898946974128
2,-31.57068062827225,22.196749051411878
2,-30.6282722513089,22.76013766394706
2,-29.68586387434555,23.219583193460966
2,-28.7434554973822,23.66847207811134
2,-27.80104712041885,24.07476817237007
2,-26.8586387434555,24.42340268029118
2,-25.916230366492144,24.774255964491097
2,-24.9738219895288,25.122740851508155
2,-24.031413612565444,25.43872314029261
2,-23.0890052356021,25.639869372050022
2,-22.146596858638745,25.830772929721327
2,-21.204188481675388,25.941799481709715
2,-20.261780104712045,25.99629720052096
2,-19.31937172774869,26.055915726555742
2,-18.376963350785346,26.122525003221153
2,-17.43455497382199,26.296812375386484
2,-16.492146596858646,26.474132961696974
2,-15.54973821989529,26.613973935445216
2,-14.607329842931932,26.631132655673493
2,-13.66492146596859,26.7813429302641
2,-12.722513089005233,26.918842951456558
2,-11.78010471204189,27.12587070465093
2,-10.837696335078533,27.257711198594848
2,-9.89528795811519,27.39114411671971
2,-8.952879581151834,27.460175302293475
2,-8.010471204188477,27.507109853956308
2,-7.068062827225134,27.545703040228958
2,-6.125654450261777,27.56649356418192
2,-5.1832460732984345,27.58097796969938
2,-4.240837696335078,27.542669190300913
2,-3.298429319371735,27.489772266811656
2,-2.356020942408378,27.509589725070462
2,-1.4136125654450211,27.49295043945325
2,-0.47120418848167844,27.456773651970657
2,0.47120418848167844,27.433248731824975
2,1.4136125654450211,27.499618318345945
2,2.356020942408378,27.588205655415774
2,3.2984293193717207,27.591922654045785
2,4.240837696335078,27.496636390686138
2,5.1832460732984345,27.33250066969126
2,6.125654450261777,27.145409266154054
2,7.068062827225134,26.91989156934949
2,8.010471204188477,26.773321469624726
2,8.952879581151834,26.553339958190808
2,9.895287958115176,26.210077179802845
2,10.837696335078533,25.920890702141698
2,11.78010471204189,25.62023332383899
2,12.722513089005233,25.334874365064696
2,13.66492146596859,24.962198151482603
2,14.607329842931932,24.52897082434755
2,15.54973821989529,24.123283280266755
2,16.492146596858632,23.766899638705713
2,17.43455497382199,23.35806433359778
2,18.376963350785346,22.953792995876636
2,19.31937172774869,22.480400615268312
2,20.261780104712045,22.07320541805703
2,21.204188481675388,21.66476472218823
2,22.146596858638745,21.160673777262293
2,23.089005235602087,20.57685809665261
2,24.031413612565444,19.98877143859857
2,24.9738219895288,19.4219402737087
2,25.916230366492144,18.810786035325798
2,26.8586387434555,17.95491419898148
2,27.801047120418843,16.817777633667006
2,28.7434554973822,15.686264250013483
2,29.685863874345543,14.704490449693383
2,30.6282722513089,13.828150325351196
2,31.570680628272257,13.055504163106242
2,32.5130890052356,12.118559519449935
2,33.455497382198956,11.0132001241048
2,34.3979057591623,9.985347006056118
2,35.340314136125656,9.09846411810986
2,36.282722513089,8.514870378706158
2,37.225130890052355,8.036351892683204
2,38.16753926701571,7.220687813229041
2,39.10994764397907,6.555159144931328
2,40.0523560209424,5.758253309461785
2,40.994764397905755,4.840222040812205
2,41.93717277486911,3.76127349005804
2,42.87958115183247,2.8433514700995572
2,43.8219895287958,2.1223471959431848
2,44.764397905759154,1.2603327433268188
2,45.70680628272251,0.20767407947116545
2,46.64921465968587,-0.7540847990247994
2,47.591623036649224,-1.5749375025431245
2,48.53403141361255,-2.353023687998459
2,49.47643979057591,-2.956538359324121
2,50.41884816753927,-3.5123496585422047
2,51.36125654450262,-4.0391349262661205
2,52.30366492146598,-4.437050130632206
2,53.24607329842931,-4.870842191908106
2,54.188481675392666,-5.328768465254025
2,55.13089005235602,-5.74173826641506
2,56.07329842931938,-6.266149467892128
2,57.01570680628271,-6.8107040723165
2,57.958115183246065,-7.453457938300259
2,58.90052356020942,-8.363570160335966
2,59.84293193717278,-9.74722025129524
2,60.785340314136135,-11.612112098270021
2,61.727748691099464,-13.313513384925
2,62.67015706806282,-14.681252691480825
2,63.61256544502618,-16.005782127380282
2,64.55497382198953,-17.511784076690596
2,65.49738219895289,-18.86200518078284
2,66.43979057591622,-20.083934624989865
2,67.38219895287958,-21.153528319464712
2,68.32460732984293,-21.988837083180666
2,69.26701570680629,-22.58208047019109
2,70.20942408376962,-22.76371669769301
2,71.15183246073298,-22.79057168960573
2,72.09424083769633,-23.020565138922663
2,73.03664921465969,-23.01782978905566
2,73.97905759162305,-22.945095909966216
2,74.92146596858638,-23.119062794579328
2,75.86387434554973,-23.276945749918703
2,76.80628272251309,-23.445446120368228
2,77.74869109947645,-23.79406483968087
2,78.6910994764398,-24.19801918665583
2,79.63350785340313,-24.373521327972547
2,80.57591623036649,-24.45243708292654
2,81.51832460732984,-24.37720627254898
2,82.4607329842932,-24.401447402106392
2,83.40314136125653,-24.09522194332534
2,84.34554973821989,-23.488916767968117
2,85.28795811518324,-22.780713929070263
2,86.2303664921466,-21.783810880449078
2,87.17277486910996,-20.667344517178
2,88.11518324607329,-19.5130216810439
2,89.05759162303664,-18.826592657301116
2,90.0,-18.53785498936973
3,-90.0,-51.232669724358345
3,-89.05759162303664,-50.85712877909329
3,-88.1151832460733,-49.42188051011864
3,-87.17277486910994,-47.045476277669415
3,-86.2303664921466,-44.542814466688355
3,-85.28795811518324,-41.501146793365265
3,-84.3455497382199,-39.045479350619814
3,-83.40314136125654,-37.822065565321466
3,-82.46073298429319,-36.63292365603982
3,-81.51832460732984,-36.048956553141146
3,-80.57591623036649,-35.93786652882905
3,-79.63350785340315,-35.659975687662936
3,-78.69109947643979,-35.00612613889913
3,-77.74869109947645,-33.61738120184989
3,-76.80628272251309,-31.818624602423924
3,-75.86387434554973,-29.716169198354194
3,-74.92146596858639,-27.4613815413582
3,-73.97905759162303,-25.67919996049657
3,-73.03664921465969,-23.414123800065717
3,-72.09424083769633,-20.68129926257651
3,-71.15183246073298,-17.830084270901157
3,-70.20942408376963,-15.074025683932915
3,-69.26701570680629,-12.291620360480398
3,-68.32460732984293,-9.165152549743619
3,-67.38219895287958,-6.256558365291995
3,-66.43979057591623,-3.6110586060418077
3,-65.49738219895288,-1.6811803181966212
3,-64.55497382198953,-0.3809999889797616
3,-63.61256544502618,0.5170750088161867
3,-62.67015706806283,1.1819132698906758
3,-61.72774869109948,1.7138519287109375
3,-60.78534031413612,2.2090715832180505
3,-59.84293193717278,2.699282752142995
3,-58.90052356020942,3.1689241197374134
3,-57.95811518324607,3.6450743145413016
3,-57.01570680628272,4.1317707697550565
3,-56.07329842931937,4.640699386596688
3,-55.13089005235602,5.125483300950786
3,-54.18848167539267,5.618911107381174
3,-53.24607329842932,6.129543410407187
3,-52.303664921465966,6.710176997714591
3,-51.361256544502616,7.271869341532357
3,-50.41884816753927,7.850292735629605
3,-49.47643979057592,8.44152641296382
3,-48.53403141361257,9.091146045260974
3,-47.59162303664922,9.748779614766413
3,-46.64921465968587,10.422749201456758
3,-45.70680628272251,11.098329650031262
3,-44.76439790575916,11.810760180155405
3,-43.82198952879581,12.517431153191378
3,-42.87958115183246,13.190730412801113
3,-41.93717277486911,13.866708543565505
3,-40.99476439790576,14.622562090555913
3,-40.05235602094241,15.406018363104867
3,-39.109947643979055,16.140202946132987
3,-38.167539267015705,16.883116192287893
3,-37.225130890052355,17.604552904764713
3,-36.282722513089006,18.369843482971106
3,-35.340314136125656,19.04854414198144
3,-34.397905759162306,19.7046034071182
3,-33.455497382198956,20.332235972086544
3,-32.5130890052356,20.922309663560746
3,-31.57068062827225,21.490943802727532
3,-30.6282722513089,22.048034456040963
3,-29.68586387434555,22.53822135925281
3,-28.7434554973822,23.014255417717724
3,-27.80104712041885,23.467019928826247
3,-26.8586387434555,23.85420417785658
3,-25.916230366492144,24.24093363020154
3,-24.9738219895288,24.611085255940658
3,-24.031413612565444,24.94846343994133
3,-23.0890052356021,25.176802953084373
3,-22.146596858638745,25.388433562384655
3,-21.204188481675388,25.556479665968073
3,-20.261780104712045,25.70634778340669
3,-19.31937172774869,25.835787879096184
3,-18.376963350785346,25.96998299492718
3,-17.43455497382199,26.180370966593355
3,-16.492146596858646,26.405057907104418
3,-15.54973821989529,26.582754876878614
3,-14.607329842931932,26.61739942762581
3,-13.66492146596859,26.807977040608876
3,-12.722513089005233,26.957975493536917
3,-11.78010471204189,27.178108321295884
3,-10.837696335078533,27.332673496670193
3,-9.89528795811519,27.481337123447148
3,-8.952879581151834,27.592263115776813
3,-8.010471204188477,27.658766110738018
3,-7.068062827225134,27.714087910122313
3,-6.125654450261777,27.74573379092754
3,-5.1832460732984345,27.76386133829747
3,-4.240837696335078,27.71355152130136
3,-3.298429319371735,27.658065372043048
3,-2.356020942408378,27.66871356964104
3,-1.4136125654450211,27.625423537360422
3,-0.47120418848167844,27.573965814378425
3,0.47120418848167844,27.558872010972678
3,1.4136125654450211,27.662221484714227
3,2.356020942408378,27.767048835754327
3,3.2984293193717207,27.774884329901642
3,4.240837696335078,27.697875340779703
3,5.1832460732984345,27.59234756893576
3,6.125654450261777,27.502688195970396
3,7.068062827225134,27.40493848588731
3,8.010471204188477,27.369525379604678
3,8.952879581151834,27.30121580759672
3,9.895287958115176,27.15111488766148
3,10.837696335078533,26.95732084910075
3,11.78010471204189,26.753934118482835
3,12.722513089005233,26.548474629719912
3,13.66492146596859,26.242834621005727
3,14.607329842931932,25.84815131293395
3,15.54973821989529,25.445750448438922
3,16.492146596858632,25.053209834628586
3,17.43455497382199,24.627608617146738
3,18.376963350785346,24.22925610012467
3,19.31937172774869,23.76274331410729
3,20.261780104712045,23.337055418226555
3,21.204188481675388,22.917707019381965
3,22.146596858638745,22.41524251302075
3,23.089005235602087,21.778585751851452
3,24.031413612565444,21.15732977125373
3,24.9738219895288,20.530429098341134
3,25.916230366492144,19.92523119184705
3,26.8586387434555,19.06198586357974
3,27.801047120418843,17.89237838321262
3,28.7434554973822,16.752676010131776
3,29.685863874345543,15.75605021582702
3,30.6282722513089,14.90044265323204
3,31.570680628272257,14.139737764994257
3,32.5130890052356,13.225327491760309
3,33.455497382198956,12.116560088263592
3,34.3979057591623,11.239106708102835
3,35.340314136125656,10.506248050265901
3,36.282722513089,10.181958622402574
3,37.225130890052355,9.919869740803977
3,38.16753926701571,9.419906828138584
3,39.10994764397907,8.884322908189503
3,40.0523560209424,8.250804053412512
3,40.994764397905755,7.439684549967494
3,41.93717277486911,6.442370838589118
3,42.87958115183247,5.687796698676219
3,43.8219895287958,5.064284960428839
3,44.764397905759154,4.288751814100464
3,45.70680628272251,3.3854609595404943
3,46.64921465968587,2.4462325837877184
3,47.591623036649224,1.560201274024111
3,48.53403141361255,0.6453623241848416
3,49.47643979057591,0.012602488199869278
3,50.41884816753927,-0.5919867621527788
3,51.36125654450262,-1.2006707721286285
3,52.30366492146598,-1.6986602677239382
3,53.24607329842931,-2.148362212710916
3,54.188481675392666,-2.558649275037969
3,55.13089005235602,-2.9515871471828814
3,56.07329842931938,-3.3845678965250685
3,57.01570680628271,-3.7436946233113693
3,57.958115183246065,-4.114029778374582
3,58.90052356020942,-4.663263797760008
3,59.84293193717278,-5.643307738833927
3,60.785340314136135,-6.986129018995514
3,61.727748691099464,-8.255224651760527
3,62.67015706806282,-9.257503880394811
3,63.61256544502618,-10.271687666575067
3,64.55497382198953,-11.497913413577548
3,65.49738219895289,-12.772596306271076
3,66.43979057591622,-13.89259386062625
3,67.38219895287958,-14.862210697597874
3,68.32460732984293,-15.899142318301688
3,69.26701570680629,-16.846613619062637
3,70.20942408376962,-17.5237806638083
3,71.15183246073298,-17.902744876013863
3,72.09424083769633,-18.43655766381147
3,73.03664921465969,-18.92197121514208
3,73.97905759162305,-19.243962181938915
3,74.92146596858638,-19.740463945600656
3,75.86387434554973,-20.233238961961604
3,76.80628272251309,-20.794276767306954
3,77.74869109947645,-21.392938296000054
3,78.6910994764398,-22.155977990892325
3,79.63350785340313,-22.590835359361556
3,80.57591623036649,-23.044149716695213
3,81.51832460732984,-23.49386707941681
3,82.4607329842932,-24.01067935095893
3,83.40314136125653,-24.146048069000106
3,84.34554973821989,-24.396504720052143
3,85.28795811518324,-24.791060659620392
3,86.2303664921466,-25.22356960508559
3,87.17277486910996,-25.73515054914688
3,88.11518324607329,-26.15209764904455
3,89.05759162303664,-26.33558707767056
3,90.0,-26.428830199771493
4,-90.0,-54.480034510294445
4,-89.05759162303664,-54.02190934287163
4,-88.1151832460733,-52.63773833380846
4,-87.17277486910994,-50.43743207719607
4,-86.2303664921466,-48.23313262727526
4,-85.28795811518324,-45.62992440329642
4,-84.3455497382199,-43.68297915988496
4,-83.40314136125654,-43.00849946339961
4,-82.46073298429319,-42.17193354500669
4,-81.51832460732984,-41.78172604242942
4,-80.57591623036649,-41.83572700288576
4,-79.63350785340315,-41.6039722230701
4,-78.69109947643979,-41.16868050893156
4,-77.74869109947645,-40.101549837324136
4,-76.80628272251309,-38.59664620293528
4,-75.86387434554973,-36.790263122982566
4,-74.92146596858639,-34.8962721294828
4,-73.97905759162303,-33.3084270689221
4,-73.03664921465969,-31.197085009680766
4,-72.09424083769633,-28.373592959509782
4,-71.15183246073298,-25.127147515614855
4,-70.20942408376963,-22.06163591808756
4,-69.26701570680629,-18.694166130489766
4,-68.32460732984293,-14.816589302486788
4,-67.38219895287958,-11.03656090630421
4,-66.43979057591623,-7.947439564598943
4,-65.49738219895288,-5.543050818973149
4,-64.55497382198953,-3.406529214647065
4,-63.61256544502618,-1.7200145721435456
4,-62.67015706806283,-0.5480780071682385
4,-61.72774869109948,0.2938017315334744
4,-60.78534031413612,1.0064423878987658
4,-59.84293193717278,1.6472059885660706
4,-58.90052356020942,2.215200212266712
4,-57.95811518324607,2.749768998887816
4,-57.01570680628272,3.2727763917711066
4,-56.07329842931937,3.7972901662190788
4,-55.13089005235602,4.272037294175883
4,-54.18848167539267,4.746111445956745
4,-53.24607329842932,5.244148784213609
4,-52.303664921465966,5.810492303636357
4,-51.361256544502616,6.3626910315619325
4,-50.41884816753927,6.931956185234909
4,-49.47643979057592,7.499846034579759
4,-48.53403141361257,8.121994548373777
4,-47.59162303664922,8.758058124118353
4,-46.64921465968587,9.41135141584613
4,-45.70680628272251,10.072295612759122
4,-44.76439790575916,10.791612943013483
4,-43.82198952879581,11.509059376186721
4,-42.87958115183246,12.159812291463231
4,-41.93717277486911,12.799144426981568
4,-40.99476439790576,13.502653651767394
4,-40.05235602094241,14.22611480289031
4,-39.109947643979055,14.885668012830854
4,-38.167539267015705,15.539312362670934
4,-37.225130890052355,16.18153752220993
4,-36.282722513089006,16.9286851882934
4,-35.340314136125656,17.597027884589394
4,-34.397905759162306,18.215427398681765
4,-33.455497382198956,18.771057234870014
4,-32.5130890052356,19.339281929863933
4,-31.57068062827225,19.880680720011327
4,-30.6282722513089,20.407479498121337
4,-29.68586387434555,20.919020334879434
4,-28.7434554973822,21.41729874081071
4,-27.80104712041885,21.915505939059795
4,-26.8586387434555,22.36177327897827
4,-25.916230366492144,22.820552508036293
4,-24.9738219895288,23.285940064324198
4,-24.031413612565444,23.72919771406377
4,-23.0890052356021,24.074470096164333
4,-22.146596858638745,24.407421112060455
4,-21.204188481675388,24.685857348971812
4,-20.261780104712045,24.946791119045795
4,-19.31937172774869,25.17984506818986
4,-18.376963350785346,25.41863632202135
4,-17.43455497382199,25.73057291242805
4,-16.492146596858646,26.006165504455495
4,-15.54973821989529,26.245371924506372
4,-14.607329842931932,26.331307517157605
4,-13.66492146596859,26.580582724677353
4,-12.722513089005233,26.763456132676733
4,-11.78010471204189,27.00738430023196
4,-10.837696335078533,27.168070475260425
4,-9.89528795811519,27.31636948055704
4,-8.952879581151834,27.438651614718882
4,-8.010471204188477,27.52789073520223
4,-7.068062827225134,27.617363929748507
4,-6.125654450261777,27.69052357143833
4,-5.1832460732984345,27.737233585781453
4,-4.240837696335078,27.708461761474698
4,-3.298429319371735,27.627237637837585
4,-2.356020942408378,27.59295929802781
4,-1.4136125654450211,27.51564714643703
4,-0.47120418848167844,27.452858077155152
4,0.47120418848167844,27.421962632073225
4,1.4136125654450211,27.532279544406578
4,2.356020942408378,27.697772449917185
4,3.2984293193717207,27.805596139695798
4,4.240837696335078,27.826931105719748
4,5.1832460732984345,27.823981708950413
4,6.125654450261777,27.85767343309198
4,7.068062827225134,27.870857556660948
4,8.010471204188477,27.91913922627755
4,8.952879581151834,27.918161922030873
4,9.895287958115176,27.928054809570384
4,10.837696335078533,27.841615358988463
4,11.78010471204189,27.721577962239618
4,12.722513089005233,27.618664529588376
4,13.66492146596859,27.417453130086404
4,14.607329842931932,27.11497921413839
4,15.54973821989529,26.844367027282786
4,16.492146596858632,26.62209500206833
4,17.43455497382199,26.38294813368051
4,18.376963350785346,26.138156255086127
4,19.31937172774869,25.79461860656743
4,20.261780104712045,25.456633249918756
4,21.204188481675388,25.179759979247986
4,22.146596858638745,24.782607926262685
4,23.089005235602087,24.221621089511522
4,24.031413612565444,23.653955671522287
4,24.9738219895288,23.047787984212167
4,25.916230366492144,22.534751680162206
4,26.8586387434555,21.69900894165051
4,27.801047120418843,20.490748829311812
4,28.7434554973822,19.308674600389182
4,29.685863874345543,18.350955963134666
4,30.6282722513089,17.531357023450923
4,31.570680628272257,16.774820751613998
4,32.5130890052356,15.952533192104845
4,33.455497382198956,14.986912197536865
4,34.3979057591623,14.121286604139629
4,35.340314136125656,13.48927614423971
4,36.282722513089,13.235771285162977
4,37.225130890052355,13.059724171956308
4,38.16753926701571,12.775682237413227
4,39.10994764397907,12.525111410352839
4,40.0523560209424,12.27981535593664
4,40.994764397905755,11.695528030395575
4,41.93717277486911,10.88285340203176
4,42.87958115183247,10.251441425747352
4,43.8219895287958,9.805922296312067
4,44.764397905759154,9.375354448954232
4,45.70680628272251,8.735322316487688
4,46.64921465968587,8.065105226304837
4,47.591623036649224,7.394251611497638
4,48.53403141361255,6.693730142381475
4,49.47643979057591,5.931461758083736
4,50.41884816753927,5.234204822116425
4,51.36125654450262,4.70489618513317
4,52.30366492146598,4.167647891574456
4,53.24607329842931,3.628834406534841
4,54.188481675392666,2.9739614062838986
4,55.13089005235602,2.363755544026689
4,56.07329842931938,1.9047010209825328
4,57.01570680628271,1.43881384531657
4,57.958115183246065,1.0711236529880144
4,58.90052356020942,0.6568490134345154
4,59.84293193717278,-0.1316619449191622
4,60.785340314136135,-1.262088139851893
4,61.727748691099464,-2.442174911499025
4,62.67015706806282,-3.3666528595818312
4,63.61256544502618,-4.276795069376605
4,64.55497382198953,-5.309238910675021
4,65.49738219895289,-6.266566435496041
4,66.43979057591622,-7.236640188429099
4,67.38219895287958,-8.074532773759602
4,68.32460732984293,-9.002864890628361
4,69.26701570680629,-9.797039455837666
4,70.20942408376962,-10.469639460245824
4,71.15183246073298,-10.962183793385833
4,72.09424083769633,-11.638342751396948
4,73.03664921465969,-12.26091363694929
4,73.97905759162305,-12.760747114817233
4,74.92146596858638,-13.408585919274172
4,75.86387434554973,-14.059787008497498
4,76.80628272251309,-14.816414992014634
4,77.74869109947645,-15.567775037553494
4,78.6910994764398,-16.255487812890035
4,79.63350785340313,-16.68172030978743
4,80.57591623036649,-17.16410552130811
4,81.51832460732984,-17.39629586537671
4,82.4607329842932,-17.458115577697743
4,83.40314136125653,-17.351081212361567
4,84.34554973821989,-17.460061762068047
4,85.28795811518324,-17.614195346832197
4,86.2303664921466,-17.739478853013768
4,87.17277486910996,-17.853114763895675
4,88.11518324607329,-17.970063050588042
4,89.05759162303664,-17.97064850065439
4,90.0,-18.019674672020844
5,-90.0,-57.556027677324316
5,-89.05759162303664,-57.338771714104354
5,-88.1151832460733,-56.0476677682669
5,-87.17277486910994,-53.92930915620614
5,-86.2303664921466,-51.74868377049763
5,-85.28795811518324,-49.12947336832666
5,-84.3455497382199,-47.019472652011416
5,-83.40314136125654,-46.01197920905251
5,-82.46073298429319,-44.87836625840934
5,-81.51832460732984,-44.41425021489443
5,-80.57591623036649,-44.467834684584076
5,-79.63350785340315,-44.231105539534035
5,-78.69109947643979,-43.68716642591698
5,-77.74869109947645,-42.84409115049551
5,-76.80628272251309,-41.57279539108295
5,-75.86387434554973,-40.1231267717151
5,-74.92146596858639,-38.38800032933567
5,-73.97905759162303,-36.89633809195606
5,-73.03664921465969,-34.773521105448296
5,-72.09424083769633,-32.16104952494283
5,-71.15183246073298,-29.32829178704159
5,-70.20942408376963,-26.84975602891722
5,-69.26701570680629,-24.062750710381383
5,-68.32460732984293,-20.620373143090063
5,-67.38219895287958,-16.800714439815884
5,-66.43979057591623,-13.310082064734583
5,-65.49738219895288,-10.516093571980843
5,-64.55497382198953,-7.9358123673332654
5,-63.61256544502618,-5.395497375064402
5,-62.67015706806283,-3.3150861528184588
5,-61.72774869109948,-1.7515966627332902
5,-60.78534031413612,-0.5882050196329764
5,-59.84293193717278,0.30127991570366586
5,-58.90052356020942,1.0212272008260097
5,-57.95811518324607,1.6614726384480853
5,-57.01570680628272,2.258345603942876
5,-56.07329842931937,2.839340951707634
5,-55.13089005235602,3.3465867572360533
5,-54.18848167539267,3.843869739108604
5,-53.24607329842932,4.360777748955634
5,-52.303664921465966,4.926979064941416
5,-51.361256544502616,5.468489646911597
5,-50.41884816753927,6.0333813561333445
5,-49.47643979057592,6.595721774631039
5,-48.53403141361257,7.222531212700749
5,-47.59162303664922,7.851319101121669
5,-46.64921465968587,8.488900502522839
5,-45.70680628272251,9.133947266472774
5,-44.76439790575916,9.84553072187632
5,-43.82198952879581,10.559070799085768
5,-42.87958115183246,11.193639225429978
5,-41.93717277486911,11.822290738423643
5,-40.99476439790576,12.504485130310126
5,-40.05235602094241,13.21317142910424
5,-39.109947643979055,13.845408969455221
5,-38.167539267015705,14.447574191623294
5,-37.225130890052355,15.01516575283466
5,-36.282722513089006,15.664662361144961
5,-35.340314136125656,16.23668479919442
5,-34.397905759162306,16.73135047488755
5,-33.455497382198956,17.156402375962976
5,-32.5130890052356,17.612096044752413
5,-31.57068062827225,18.069540341695088
5,-30.6282722513089,18.536822107103006
5,-29.68586387434555,19.0244616402519
5,-28.7434554973822,19.478802469041526
5,-27.80104712041885,19.95686711205378
5,-26.8586387434555,20.375967767503635
5,-25.916230366492144,20.84183608161077
5,-24.9738219895288,21.307425604926127
5,-24.031413612565444,21.74077913496223
5,-23.0890052356021,22.122367223103865
5,-22.146596858638745,22.4857380125257
5,-21.204188481675388,22.83839692009813
5,-20.261780104712045,23.194709248013087
5,-19.31937172774869,23.53998714023168
5,-18.376963350785346,23.900511211818987
5,-17.43455497382199,24.33823151058616
5,-16.492146596858646,24.756699244181227
5,-15.54973821989529,25.116892920600122
5,-14.607329842931932,25.35139730241558
5,-13.66492146596859,25.696507559882424
5,-12.722513089005233,25.988059467739408
5,-11.78010471204189,26.313616328769292
5,-10.837696335078533,26.559753206041133
5,-9.89528795811519,26.807990074157853
5,-8.952879581151834,27.039500448438726
5,-8.010471204188477,27.20554012722428
5,-7.068062827225134,27.380450036790624
5,-6.125654450261777,27.478068351745684
5,-5.1832460732984345,27.538519117567233
5,-4.240837696335078,27.535979800754205
5,-3.298429319371735,27.463539017571172
5,-2.356020942408378,27.45459217495379
5,-1.4136125654450211,27.40868928697388
5,-0.47120418848167844,27.359438578287655
5,0.47120418848167844,27.35449239942752
5,1.4136125654450211,27.468247307671565
5,2.356020942408378,27.618888643052752
5,3.2984293193717207,27.724909146626636
5,4.240837696335078,27.76073900858572
5,5.1832460732984345,27.799566586812293
5,6.125654450261777,27.8528119193184
5,7.068062827225134,27.92955080668131
5,8.010471204188477,28.04613908131904
5,8.952879581151834,28.084103266398024
5,9.895287958115176,28.174314075046187
5,10.837696335078533,28.257566452026385
5,11.78010471204189,28.25741842057976
5,12.722513089005233,28.281559626261263
5,13.66492146596859,28.19203864203573
5,14.607329842931932,28.0244301689995
5,15.54973821989529,27.884699609544626
5,16.492146596858632,27.783293300204722
5,17.43455497382199,27.637012375725593
5,18.376963350785346,27.51303280724405
5,19.31937172774869,27.3060053719415
5,20.261780104712045,27.111712137858216
5,21.204188481675388,26.98756641811787
5,22.146596858638745,26.72475984361427
5,23.089005235602087,26.325774722629166
5,24.031413612565444,25.91172027587883
5,24.9738219895288,25.471113310919772
5,25.916230366492144,25.149042023552788
5,26.8586387434555,24.53962654537638
5,27.801047120418843,23.631569650438088
5,28.7434554973822,22.721443176269418
5,29.685863874345543,21.86584981282539
5,30.6282722513089,21.14195897844085
5,31.570680628272257,20.41249720255528
5,32.5130890052356,19.616783777872808
5,33.455497382198956,18.764161109924284
5,34.3979057591623,18.057758225335146
5,35.340314136125656,17.513268788655683
5,36.282722513089,17.278199195861742
5,37.225130890052355,17.278123855590728
5,38.16753926701571,17.136960877312585
5,39.10994764397907,17.040133052401956
5,40.0523560209424,17.001757515801277
5,40.994764397905755,16.506558630201656
5,41.93717277486911,15.650962935553634
5,42.87958115183247,15.067742241753493
5,43.8219895287958,14.714861022101422
5,44.764397905759154,14.2945093578762
5,45.70680628272251,13.641013993157362
5,46.64921465968587,12.910350057813915
5,47.591623036649224,12.213447358873111
5,48.53403141361255,11.524517695109074
5,49.47643979057591,10.798576460944213
5,50.41884816753927,10.140079498290994
5,51.36125654450262,9.551679823133641
5,52.30366492146598,8.971810976664253
5,53.24607329842931,8.528568161858475
5,54.188481675392666,7.961312294006328
5,55.13089005235602,7.410581164889857
5,56.07329842931938,6.972030745612257
5,57.01570680628271,6.478961520724836
5,57.958115183246065,6.126815478007025
5,58.90052356020942,5.802265273200146
5,59.84293193717278,5.365626017252569
5,60.785340314136135,4.581455018785279
5,61.727748691099464,3.791704813639325
5,62.67015706806282,3.136201540629059
5,63.61256544502618,2.4127839406331266
5,64.55497382198953,1.6477615568372852
5,65.49738219895289,0.9344022538926903
5,66.43979057591622,-0.009433110555012144
5,67.38219895287958,-0.8901369306776226
5,68.32460732984293,-1.8364988962809183
5,69.26701570680629,-2.7677423159281385
5,70.20942408376962,-3.738343609703934
5,71.15183246073298,-4.3432754940456855
5,72.09424083769633,-4.95274787478974
5,73.03664921465969,-5.471026314629434
5,73.97905759162305,-5.899337450663217
5,74.92146596858638,-6.420656098259795
5,75.86387434554973,-6.912885400984052
5,76.80628272251309,-7.4052862061394915
5,77.74869109947645,-7.812901390923351
5,78.6910994764398,-8.161405828264078
5,79.63350785340313,-8.326478852166124
5,80.57591623036649,-8.52983940972225
5,81.51832460732984,-8.519587834676067
5,82.4607329842932,-8.382802751329207
5,83.40314136125653,-8.052575853135806
5,84.34554973821989,-7.852343559265149
5,85.28795811518324,-7.840064684549939
5,86.2303664921466,-7.91124206119113
5,87.17277486910996,-8.01724942525229
5,88.11518324607329,-8.177511745029049
5,89.05759162303664,-8.33267296685111
5,90.0,-8.328205744425482
6,-90.0,-56.66225417455069
6,-89.05759162303664,-56.274848567114766
6,-88.1151832460733,-54.774791929457315
6,-87.17277486910994,-52.55829874674499
6,-86.2303664921466,-50.386414580874984
6,-85.28795811518324,-48.0353423224553
6,-84.3455497382199,-46.54231966866388
6,-83.40314136125654,-46.4449079301626
6,-82.46073298429319,-45.966675758361895
6,-81.51832460732984,-45.910025967491784
6,-80.57591623036649,-46.26764403449182
6,-79.63350785340315,-46.227129565345116
6,-78.69109947643979,-45.627686765458925
6,-77.74869109947645,-44.48019218444806
6,-76.80628272251309,-43.13042958577493
6,-75.86387434554973,-41.472944418589464
6,-74.92146596858639,-39.60596349504272
6,-73.97905759162303,-38.03195905685405
6,-73.03664921465969,-35.962645106845336
6,-72.09424083769633,-33.509403758578614
6,-71.15183246073298,-30.826174841986777
6,-70.20942408376963,-28.45864057540908
6,-69.26701570680629,-25.85293414857649
6,-68.32460732984293,-22.637797567579415
6,-67.38219895287958,-19.209681987762398
6,-66.43979057591623,-16.011250072055397
6,-65.49738219895288,-13.113017135196326
6,-64.55497382198953,-10.36740377214214
6,-63.61256544502618,-7.6961791780259405
6,-62.67015706806283,-5.295651117960592
6,-61.72774869109948,-3.4717281129625106
6,-60.78534031413612,-1.9891836378309515
6,-59.84293193717278,-0.8177528381347617
6,-58.90052356020942,0.05234061347113751
6,-57.95811518324607,0.7773711946275527
6,-57.01570680628272,1.4411235385470937
6,-56.07329842931937,2.068784819708933
6,-55.13089005235602,2.6031791898939303
6,-54.18848167539267,3.1165934668646837
6,-53.24607329842932,3.6475213368733828
6,-52.303664921465966,4.225200335184744
6,-51.361256544502616,4.764722082349969
6,-50.41884816753927,5.311233202616366
6,-49.47643979057592,5.840337753295863
6,-48.53403141361257,6.4364446004231946
6,-47.59162303664922,7.043618520100892
6,-46.64921465968587,7.664610862731979
6,-45.70680628272251,8.291170544094559
6,-44.76439790575916,8.966000450981968
6,-43.82198952879581,9.63310114542637
6,-42.87958115183246,10.215656068589963
6,-41.93717277486911,10.777365578545428
6,-40.99476439790576,11.361830923292446
6,-40.05235602094241,11.962028291490304
6,-39.109947643979055,12.50005616082078
6,-38.167539267015705,12.994876861572283
6,-37.225130890052355,13.476344956291967
6,-36.282722513089006,14.050310028923818
6,-35.340314136125656,14.552014774746437
6,-34.397905759162306,14.972188949585064
6,-33.455497382198956,15.278838581509037
6,-32.5130890052356,15.624809794955864
6,-31.57068062827225,15.972622659471265
6,-30.6282722513089,16.36245441436755
6,-29.68586387434555,16.80382664998362
6,-28.7434554973822,17.23844634162047
6,-27.80104712041885,17.7186892827352
6,-26.8586387434555,18.13171238369422
6,-25.916230366492144,18.626041942172577
6,-24.9738219895288,19.146598074171195
6,-24.031413612565444,19.643697102864532
6,-23.0890052356021,20.112818717956593
6,-22.146596858638745,20.575469758775437
6,-21.204188481675388,21.02848815917964
6,-20.261780104712045,21.496367878384156
6,-19.31937172774869,21.93661562601728
6,-18.376963350785346,22.37961949242474
6,-17.43455497382199,22.885298728942825
6,-16.492146596858646,23.36138195461691
6,-15.54973821989529,23.768006430731944
6,-14.607329842931932,24.059704568650925
6,-13.66492146596859,24.458090676201824
6,-12.722513089005233,24.793086687723665
6,-11.78010471204189,25.163671705457904
6,-10.837696335078533,25.46817991468644
6,-9.89528795811519,25.78767426808686
6,-8.952879581151834,26.09827613830555
6,-8.010471204188477,26.359512964884324
6,-7.068062827225134,26.629482057359507
6,-6.125654450261777,26.791822221544138
6,-5.1832460732984345,26.939619170294826
6,-4.240837696335078,27.021239598592214
6,-3.298429319371735,27.0363584094576
6,-2.356020942408378,27.09271388583706
6,-1.4136125654450211,27.088138580322408
6,-0.47120418848167844,27.083907763163143
6,0.47120418848167844,27.120070457458404
6,1.4136125654450211,27.246535089281007
6,2.356020942408378,27.39597203996439
6,3.2984293193717207,27.515944480895854
6,4.240837696335078,27.598040050930532
6,5.1832460732984345,27.694619284735705
6,6.125654450261777,27.75275071462005
6,7.068062827225134,27.803268114725743
6,8.010471204188477,27.938568539089513
6,8.952879581151834,28.05630482567671
6,9.895287958115176,28.21027278900151
6,10.837696335078533,28.400321536593978
6,11.78010471204189,28.471630838182293
6,12.722513089005233,28.558947351243635
6,13.66492146596859,28.58781782786065
6,14.607329842931932,28.57286463843445
6,15.54973821989529,28.546499252319414
6,16.492146596858632,28.545995818244005
6,17.43455497382199,28.52596855163569
6,18.376963350785346,28.47701697879354
6,19.31937172774869,28.334333631727482
6,20.261780104712045,28.235348489549565
6,21.204188481675388,28.1643925772772
6,22.146596858638745,28.007955551147386
6,23.089005235602087,27.750470373365673
6,24.031413612565444,27.461000654432414
6,24.9738219895288,27.220271322462207
6,25.916230366492144,27.113352987501344
6,26.8586387434555,26.671341578165837
6,27.801047120418843,25.93502055274118
6,28.7434554973822,25.25088617536745
6,29.685863874345543,24.60838805304617
6,30.6282722513089,24.015870730082003
6,31.570680628272257,23.36725023057718
6,32.5130890052356,22.61584271325016
6,33.455497382198956,21.796486642625556
6,34.3979057591623,21.095533900790883
6,35.340314136125656,20.55619419945621
6,36.282722513089,20.27803251478398
6,37.225130890052355,20.284915818108335
6,38.16753926701571,20.128998756408738
6,39.10994764397907,20.04713217417385
6,40.0523560209424,20.09042665693487
6,40.994764397905755,19.764283392164575
6,41.93717277486911,19.124976158142037
6,42.87958115183247,18.716721534729007
6,43.8219895287958,18.485877672831116
6,44.764397905759154,18.102072079976345
6,45.70680628272251,17.55914719899507
6,46.64921465968587,16.881282700432745
6,47.591623036649224,16.25880845387771
6,48.53403141361255,15.62979083591042
6,49.47643979057591,14.929992569817344
6,50.41884816753927,14.346611446804452
6,51.36125654450262,13.830036481221454
6,52.30366492146598,13.276518503824919
6,53.24607329842931,12.801708751254647
6,54.188481675392666,12.189998732672764
6,55.13089005235602,11.705405235290508
6,56.07329842931938,11.366701549953895
6,57.01570680628271,11.024046791924391
6,57.958115183246065,10.753281487358985
6,58.90052356020942,10.519417021009655
6,59.84293193717278,10.25965340932203
6,60.785340314136135,9.718693097432478
6,61.727748691099464,9.135190539889866
6,62.67015706806282,8.598554081386972
6,63.61256544502618,7.934648407830092
6,64.55497382198953,7.255587048000722
6,65.49738219895289,6.517549090915282
6,66.43979057591622,5.683660613165973
6,67.38219895287958,4.938163439432762
6,68.32460732984293,4.14742279052733
6,69.26701570680629,3.1563906139797613
6,70.20942408376962,1.5818052291870222
6,71.15183246073298,0.4514634874131943
6,72.09424083769633,-0.21951156192355553
6,73.03664921465969,-0.7688837051391582
6,73.97905759162305,-1.0746713214450356
6,74.92146596858638,-1.3571019702487463
6,75.86387434554973,-1.545486768086758
6,76.80628272251309,-1.7231658299764083
6,77.74869109947645,-1.8288624021742002
6,78.6910994764398,-1.8777471118503273
6,79.63350785340313,-1.8357794019911133
6,80.57591623036649,-1.8351065317789792
6,81.51832460732984,-1.7188770506116995
6,82.4607329842932,-1.5632005267673064
6,83.40314136125653,-1.3123902214897918
6,84.34554973821989,-1.139629469977486
6,85.28795811518324,-1.0521846347384947
6,86.2303664921466,-0.9688313802083335
6,87.17277486910996,-0.9443827735053176
6,88.11518324607329,-0.9369198481241903
6,89.05759162303664,-0.9583436118231847
6,90.0,-0.9872694015502932
7,-90.0,-59.315198580424145
7,-89.05759162303664,-59.04064782460514
7,-88.1151832460733,-57.74954954783165
7,-87.17277486910994,-55.395610438452984
7,-86.2303664921466,-53.20119147830538
7,-85.28795811518324,-50.584750493367316
7,-84.3455497382199,-48.68093575371642
7,-83.40314136125654,-48.37750429577335
7,-82.46073298429319,-47.86539024776888
7,-81.51832460732984,-47.786622047424096
7,-80.57591623036649,-48.055937820010875
7,-79.63350785340315,-47.78763516744004
7,-78.69109947643979,-47.01352781719643
7,-77.74869109947645,-45.51123756832526
7,-76.80628272251309,-43.76175885730336
7,-75.86387434554973,-41.841695891486424
7,-74.92146596858639,-39.926042238871425
7,-73.97905759162303,-38.464642736646674
7,-73.03664921465969,-36.689394368065614
7,-72.09424083769633,-34.538377708858704
7,-71.15183246073298,-31.988435745239283
7,-70.20942408376963,-29.680434597863286
7,-69.26701570680629,-27.208772288428396
7,-68.32460732984293,-24.207421991560114
7,-67.38219895287958,-20.903969128926505
7,-66.43979057591623,-17.866159598032656
7,-65.49738219895288,-15.189308590359216
7,-64.55497382198953,-12.372378985087012
7,-63.61256544502618,-9.59905762142601
7,-62.67015706806283,-7.147741529676623
7,-61.72774869109948,-5.103061993916835
7,-60.78534031413612,-3.277710278828949
7,-59.84293193717278,-1.756159782409655
7,-58.90052356020942,-0.6123648749457462
7,-57.95811518324607,0.27225600348578666
7,-57.01570680628272,1.0122610727945973
7,-56.07329842931937,1.6754641003078905
7,-55.13089005235602,2.2208205329047273
7,-54.18848167539267,2.7247809304131327
7,-53.24607329842932,3.233426729838063
7,-52.303664921465966,3.7697902255588196
7,-51.361256544502616,4.2662773132324014
7,-50.41884816753927,4.763787269592278
7,-49.47643979057592,5.23655096689857
7,-48.53403141361257,5.764220979478639
7,-47.59162303664922,6.297512372334784
7,-46.64921465968587,6.85282569461402
7,-45.70680628272251,7.407790819803921
7,-44.76439790575916,8.031497743394617
7,-43.82198952879581,8.646960046556213
7,-42.87958115183246,9.188010745578351
7,-41.93717277486911,9.723489761352516
7,-40.99476439790576,10.294584274292054
7,-40.05235602094241,10.877217080857971
7,-39.109947643979055,11.390125804477206
7,-38.167539267015705,11.866259045071088
7,-37.225130890052355,12.344118118286067
7,-36.282722513089006,12.935250706142806
7,-35.340314136125656,13.45297707451722
7,-34.397905759162306,13.895992596944275
7,-33.455497382198956,14.23541259765622
7,-32.5130890052356,14.619911723666792
7,-31.57068062827225,14.982278188069623
7,-30.6282722513089,15.389263470967494
7,-29.68586387434555,15.836186726887917
7,-28.7434554973822,16.28140513102205
7,-27.80104712041885,16.78360811869305
7,-26.8586387434555,17.23982927534325
7,-25.916230366492144,17.758752610948353
7,-24.9738219895288,18.29949400160041
7,-24.031413612565444,18.8287218941582
7,-23.0890052356021,19.334772004021584
7,-22.146596858638745,19.817092789543942
7,-21.204188481675388,20.28286170959466
7,-20.261780104712045,20.757253434923072
7,-19.31937172774869,21.2052721447415
7,-18.376963350785346,21.645662837558223
7,-17.43455497382199,22.140422185261997
7,-16.492146596858646,22.597493595547085
7,-15.54973821989529,22.988953802320797
7,-14.607329842931932,23.267145262824105
7,-13.66492146596859,23.663595199585078
7,-12.722513089005233,24.00809245639366
7,-11.78010471204189,24.36810535854763
7,-10.837696335078533,24.667259852091476
7,-9.89528795811519,24.982208463880895
7,-8.952879581151834,25.285788959926933
7,-8.010471204188477,25.556091096666027
7,-7.068062827225134,25.85791492462158
7,-6.125654450261777,26.043053944905687
7,-5.1832460732984345,26.21164438459603
7,-4.240837696335078,26.296783129374273
7,-3.298429319371735,26.325427373250186
7,-2.356020942408378,26.414373503790895
7,-1.4136125654450211,26.443272060818245
7,-0.47120418848167844,26.475841734144314
7,0.47120418848167844,26.5166491402519
7,1.4136125654450211,26.659525659349356
7,2.356020942408378,26.830365498860612
7,3.2984293193717207,26.987721867031375
7,4.240837696335078,27.120901531643437
7,5.1832460732984345,27.259468714396107
7,6.125654450261777,27.369858423868884
7,7.068062827225134,27.434670342339423
7,8.010471204188477,27.58688089582641
7,8.952879581151834,27.707695537143174
7,9.895287958115176,27.848235236273933
7,10.837696335078533,28.079188134935187
7,11.78010471204189,28.213337050543938
7,12.722513089005233,28.33236810896119
7,13.66492146596859,28.406641324361324
7,14.607329842931932,28.469592306348932
7,15.54973821989529,28.587904400295763
7,16.492146596858632,28.68156274159742
7,17.43455497382199,28.71367963155105
7,18.376963350785346,28.6675398084851
7,19.31937172774869,28.571509149339484
7,20.261780104712045,28.526915232340606
7,21.204188481675388,28.52063231998011
7,22.146596858638745,28.448046684265034
7,23.089005235602087,28.284986284044116
7,24.031413612565444,28.08921114603669
7,24.9738219895288,27.96682220035118
7,25.916230366492144,28.006036122639983
7,26.8586387434555,27.852470821804616
7,27.801047120418843,27.38935809665256
7,28.7434554973822,26.894424332512614
7,29.685863874345543,26.53565512763114
7,30.6282722513089,26.209625773959512
7,31.570680628272257,25.77103371090351
7,32.5130890052356,25.215593761868064
7,33.455497382198956,24.54500505659311
7,34.3979057591623,23.99281056722023
7,35.340314136125656,23.57765950096991
7,36.282722513089,23.42503960927318
7,37.225130890052355,23.464576509263644
7,38.16753926701571,23.292593108283192
7,39.10994764397907,23.194395913017956
7,40.0523560209424,23.182459937201532
7,40.994764397905755,22.824968867831913
7,41.93717277486911,22.12275558047816
7,42.87958115183247,21.59319930606422
7,43.8219895287958,21.323929044935305
7,44.764397905759154,20.87445047166607
7,45.70680628272251,20.23112667931464
7,46.64921465968587,19.53044679429807
7,47.591623036649224,18.86916436089404
7,48.53403141361255,18.2319571177165
7,49.47643979057591,17.538279003567055
7,50.41884816753927,16.97944100697835
7,51.36125654450262,16.57580471038811
7,52.30366492146598,16.11775949266231
7,53.24607329842931,15.713127666049575
7,54.188481675392666,15.204761928982155
7,55.13089005235602,14.727034144931334
7,56.07329842931938,14.294418334960957
7,57.01570680628271,13.964060253567181
7,57.958115183246065,13.757206175062446
7,58.90052356020942,13.565329127841526
7,59.84293193717278,13.410876168144998
7,60.785340314136135,13.100049442715148
7,61.727748691099464,12.733216709560832
7,62.67015706806282,12.427464485168413
7,63.61256544502618,11.916669315761931
7,64.55497382198953,11.455497211880095
7,65.49738219895289,10.8768495983548
7,66.43979057591622,10.065619998508039
7,67.38219895287958,8.926175223456452
7,68.32460732984293,7.8410308625962655
7,69.26701570680629,6.523235321044915
7,70.20942408376962,4.975049124823705
7,71.15183246073298,3.6684631771511556
7,72.09424083769633,2.615879482693129
7,73.03664921465969,1.7353139453464042
7,73.97905759162305,0.8621640735202323
7,74.92146596858638,0.26108572218153137
7,75.86387434554973,-0.10531764560275644
7,76.80628272251309,-0.3982617060343442
7,77.74869109947645,-0.6530318790011904
7,78.6910994764398,-0.7685434553358341
7,79.63350785340313,-0.7856347825792147
7,80.57591623036649,-0.7299066119723875
7,81.51832460732984,-0.5839500427246068
7,82.4607329842932,-0.49278280470106317
7,83.40314136125653,-0.39219877454969415
7,84.34554973821989,-0.36185985141330373
7,85.28795811518324,-0.39411597781711005
7,86.2303664921466,-0.4405739042494035
7,87.17277486910996,-0.46507623460557773
7,88.11518324607329,-0.48563618130154257
7,89.05759162303664,-0.5243540869818777
7,90.0,-0.5710576375325513
8,-90.0,-56.74060376485189
8,-89.05759162303664,-56.500039153628734
8,-88.1151832460733,-55.19046756956355
8,-87.17277486910994,-53.03267939885473
8,-86.2303664921466,-51.01935969458687
8,-85.28795811518324,-48.70883056852532
8,-84.3455497382199,-47.38788869645863
8,-83.40314136125654,-47.6675079133779
8,-82.46073298429319,-47.55678992801247
8,-81.51832460732984,-47.684651427798585
8,-80.57591623036649,-48.04581795798423
8,-79.63350785340315,-47.63183048036384
8,-78.69109947643979,-46.6965930726794
8,-77.74869109947645,-45.172604401906156
8,-76.80628272251309,-43.54239108827402
8,-75.86387434554973,-41.61050865385282
8,-74.92146596858639,-39.604427708519964
8,-73.97905759162303,-38.0688548617891
8,-73.03664921465969,-36.07325776418045
8,-72.09424083769633,-33.6747112803987
8,-71.15183246073298,-30.96663067075945
8,-70.20942408376963,-28.497513612111558
8,-69.26701570680629,-25.856651306152322
8,-68.32460732984293,-22.842712561289368
8,-67.38219895287958,-19.672801547580224
8,-66.43979057591623,-16.90573257870146
8,-65.49738219895288,-14.602324697706505
8,-64.55497382198953,-12.12531656689108
8,-63.61256544502618,-9.683638307783292
8,-62.67015706806283,-7.545110278659373
8,-61.72774869109948,-5.775534205966525
8,-60.78534031413612,-4.215824445088715
8,-59.84293193717278,-2.807602140638549
8,-58.90052356020942,-1.5603668424818238
8,-57.95811518324607,-0.48265213436550763
8,-57.01570680628272,0.4143558078342021
8,-56.07329842931937,1.1688081953260645
8,-55.13089005235602,1.776737636990015
8,-54.18848167539267,2.3324995040893493
8,-53.24607329842932,2.889685312906909
8,-52.303664921465966,3.4667737748887917
8,-51.361256544502616,3.9965580834282592
8,-50.41884816753927,4.530961460537378
8,-49.47643979057592,5.057949384053519
8,-48.53403141361257,5.630800565083839
8,-47.59162303664922,6.198964542812755
8,-46.64921465968587,6.786016146341998
8,-45.70680628272251,7.36368624369308
8,-44.76439790575916,7.990343411763484
8,-43.82198952879581,8.61318376329205
8,-42.87958115183246,9.167546060350224
8,-41.93717277486911,9.706331994798413
8,-40.99476439790576,10.276048342386932
8,-40.05235602094241,10.857558462354834
8,-39.109947643979055,11.359114964802997
8,-38.167539267015705,11.842718866136357
8,-37.225130890052355,12.310951126946275
8,-36.282722513089006,12.868921491834794
8,-35.340314136125656,13.367611885070877
8,-34.397905759162306,13.809730953640504
8,-33.455497382198956,14.166999287075448
8,-32.5130890052356,14.56611686282695
8,-31.57068062827225,14.954107496473487
8,-30.6282722513089,15.395735740661511
8,-29.68586387434555,15.867838541666575
8,-28.7434554973822,16.335775799221395
8,-27.80104712041885,16.83472442626954
8,-26.8586387434555,17.295380592346277
8,-25.916230366492144,17.82232666015624
8,-24.9738219895288,18.381429142422093
8,-24.031413612565444,18.93874327341711
8,-23.0890052356021,19.469811227586572
8,-22.146596858638745,19.96853669484452
8,-21.204188481675388,20.434277534484792
8,-20.261780104712045,20.893192821078923
8,-19.31937172774869,21.310109138488798
8,-18.376963350785346,21.7183978822495
8,-17.43455497382199,22.161846584743866
8,-16.492146596858646,22.5808954238891
8,-15.54973821989529,22.92138979170064
8,-14.607329842931932,23.132141749064083
8,-13.66492146596859,23.477175606621756
8,-12.722513089005233,23.783221350775708
8,-11.78010471204189,24.11024326748321
8,-10.837696335078533,24.41075187259251
8,-9.89528795811519,24.717885865105664
8,-8.952879581151834,24.983926773071182
8,-8.010471204188477,25.258286794026592
8,-7.068062827225134,25.571194436815016
8,-6.125654450261777,25.734477467007192
8,-5.1832460732984345,25.88217565748423
8,-4.240837696335078,25.97585201263436
8,-3.298429319371735,26.03001827663833
8,-2.356020942408378,26.111519495646082
8,-1.4136125654450211,26.110154045952825
8,-0.47120418848167844,26.118032137552806
8,0.47120418848167844,26.188013818528812
8,1.4136125654450211,26.377806239658042
8,2.356020942408378,26.611227035522386
8,3.2984293193717207,26.81743187374524
8,4.240837696335078,27.001642227172937
8,5.1832460732984345,27.170088873969128
8,6.125654450261777,27.28144518534351
8,7.068062827225134,27.361495229932988
8,8.010471204188477,27.54163074493395
8,8.952879581151834,27.68266921573205
8,9.895287958115176,27.83580674065492
8,10.837696335078533,28.083272722032337
8,11.78010471204189,28.25181357065841
8,12.722513089005233,28.41407871246323
8,13.66492146596859,28.509495629204803
8,14.607329842931932,28.575700971815266
8,15.54973821989529,28.67534150017639
8,16.492146596858632,28.79215282864031
8,17.43455497382199,28.88978184594042
8,18.376963350785346,28.892842186821678
8,19.31937172774869,28.774318271213108
8,20.261780104712045,28.69544940524645
8,21.204188481675388,28.61514790852854
8,22.146596858638745,28.469486554463597
8,23.089005235602087,28.260779274834583
8,24.031413612565444,28.08408917321092
8,24.9738219895288,28.00721602969691
8,25.916230366492144,28.04679520924885
8,26.8586387434555,27.83609008789078
8,27.801047120418843,27.352858225504555
8,28.7434554973822,26.853072378370378
8,29.685863874345543,26.478058709038475
8,30.6282722513089,26.194358083936695
8,31.570680628272257,25.84566550784636
8,32.5130890052356,25.39575894673679
8,33.455497382198956,24.82883336808941
8,34.3979057591623,24.35913753509541
8,35.340314136125656,23.996600151062143
8,36.282722513089,23.855042139689054
8,37.225130890052355,23.895228068033724
8,38.16753926701571,23.799622747633236
8,39.10994764397907,23.710317611694187
8,40.0523560209424,23.669535107082712
8,40.994764397905755,23.308574040730942
8,41.93717277486911,22.57075521681035
8,42.87958115183247,22.086520300971166
8,43.8219895287958,21.836238967047667
8,44.764397905759154,21.349341816372288
8,45.70680628272251,20.61690754360635
8,46.64921465968587,19.817002296447864
8,47.591623036649224,19.073350164625328
8,48.53403141361255,18.393846193949432
8,49.47643979057591,17.704506238301487
8,50.41884816753927,17.116797023349307
8,51.36125654450262,16.644878387451104
8,52.30366492146598,16.138679504394617
8,53.24607329842931,15.63464609781904
8,54.188481675392666,15.06301180521644
8,55.13089005235602,14.539938926696754
8,56.07329842931938,14.061626328362388
8,57.01570680628271,13.699245029025636
8,57.958115183246065,13.41466797722716
8,58.90052356020942,13.091664314270032
8,59.84293193717278,12.792635069952986
8,60.785340314136135,12.361596319410559
8,61.727748691099464,11.909699757893872
8,62.67015706806282,11.531896909077934
8,63.61256544502618,11.072158177693638
8,64.55497382198953,10.588688744438961
8,65.49738219895289,9.992957433064815
8,66.43979057591622,9.235744264390753
8,67.38219895287958,8.206032752990696
8,68.32460732984293,7.203524377610926
8,69.26701570680629,5.999826855129661
8,70.20942408376962,4.853484259711397
8,71.15183246073298,3.911166826883954
8,72.09424083769633,2.8612126244438834
8,73.03664921465969,1.8180321587456554
8,73.97905759162305,0.7391743130154043
8,74.92146596858638,-0.04387770758734771
8,75.86387434554973,-0.6531393263075105
8,76.80628272251309,-1.1719251208835229
8,77.74869109947645,-1.5779012044270755
8,78.6910994764398,-1.8032811482747513
8,79.63350785340313,-1.8536328209771156
8,80.57591623036649,-1.8533229827880928
8,81.51832460732984,-1.6744974984062972
8,82.4607329842932,-1.4896494547526047
8,83.40314136125653,-1.306321461995435
8,84.34554973821989,-1.209092881944447
8,85.28795811518324,-1.2132354312472824
8,86.2303664921466,-1.2606981065538183
8,87.17277486910996,-1.2710949579874693
8,88.11518324607329,-1.2231559753418015
8,89.05759162303664,-1.1430101394653291
8,90.0,-1.1039329104953342
9,-90.0,-57.03994374805039
9,-89.05759162303664,-56.7131366729735
9,-88.1151832460733,-55.12946213616306
9,-87.17277486910994,-52.803192562527265
9,-86.2303664921466,-50.504987451765295
9,-85.28795811518324,-47.8685428831311
9,-84.3455497382199,-45.75719144609238
9,-83.40314136125654,-45.140228854285716
9,-82.46073298429319,-44.4787352350024
9,-81.51832460732984,-44.32139518525848
9,-80.57591623036649,-44.494135803646664
9,-79.63350785340315,-44.23643366495789
9,-78.69109947643979,-43.51993454827215
9,-77.74869109947645,-42.1603404680886
9,-76.80628272251309,-40.6037616199919
9,-75.86387434554973,-38.738710191514926
9,-74.92146596858639,-36.73522504170747
9,-73.97905759162303,-35.151861614650976
9,-73.03664921465969,-33.1423619588215
9,-72.09424083769633,-30.750207689073147
9,-71.15183246073298,-28.2079830169678
9,-70.20942408376963,-25.88354015350354
9,-69.26701570680629,-23.384614255693226
9,-68.32460732984293,-20.679847187466038
9,-67.38219895287958,-17.790445327758714
9,-66.43979057591623,-15.252886454264342
9,-65.49738219895288,-13.191757467058029
9,-64.55497382198953,-10.87525918748637
9,-63.61256544502618,-8.453598764207584
9,-62.67015706806283,-6.362517674763984
9,-61.72774869109948,-4.705647786458337
9,-60.78534031413612,-3.2580312093099053
9,-59.84293193717278,-2.040414492289214
9,-58.90052356020942,-1.0430066850450308
9,-57.95811518324607,-0.1667660607231993
9,-57.01570680628272,0.6072839101155606
9,-56.07329842931937,1.2937666575113953
9,-55.13089005235602,1.8457873662312794
9,-54.18848167539267,2.3500004874335345
9,-53.24607329842932,2.8636971579657735
9,-52.303664921465966,3.404342333475759
9,-51.361256544502616,3.909357812669525
9,-50.41884816753927,4.41807015736897
9,-49.47643979057592,4.937967088487387
9,-48.53403141361257,5.512904696994373
9,-47.59162303664922,6.109117084079301
9,-46.64921465968587,6.727176666259803
9,-45.70680628272251,7.359483718872114
9,-44.76439790575916,8.017992125617111
9,-43.82198952879581,8.651771439446295
9,-42.87958115183246,9.207368214925145
9,-41.93717277486911,9.750978787740044
9,-40.99476439790576,10.32859378390848
9,-40.05235602094241,10.931307050916848
9,-39.109947643979055,11.453261375427182
9,-38.167539267015705,11.971272044711679
9,-37.225130890052355,12.462228669060536
9,-36.282722513089006,13.049216376410538
9,-35.340314136125656,13.580806096394932
9,-34.397905759162306,14.076111369662923
9,-33.455497382198956,14.505927085876447
9,-32.5130890052356,15.002268261379738
9,-31.57068062827225,15.505217128329754
9,-30.6282722513089,16.06119473775216
9,-29.68586387434555,16.63459534115253
9,-28.7434554973822,17.197176933288507
9,-27.80104712041885,17.769927024841316
9,-26.8586387434555,18.291607856750584
9,-25.916230366492144,18.846343358357764
9,-24.9738219895288,19.423769421047552
9,-24.031413612565444,20.012999958462128
9,-23.0890052356021,20.516169971889955
9,-22.146596858638745,20.9796803792317
9,-21.204188481675388,21.3982334136962
9,-20.261780104712045,21.772671805487846
9,-19.31937172774869,22.11728805965849
9,-18.376963350785346,22.510046323140358
9,-17.43455497382199,22.94606950547955
9,-16.492146596858646,23.325391875372933
9,-15.54973821989529,23.629180272420307
9,-14.607329842931932,23.805947939554787
9,-13.66492146596859,24.114421526591112
9,-12.722513089005233,24.386966493394524
9,-11.78010471204189,24.646437644958528
9,-10.837696335078533,24.87357987297907
9,-9.89528795811519,25.121395746866995
9,-8.952879581151834,25.318076345655555
9,-8.010471204188477,25.564260376824144
9,-7.068062827225134,25.799823019239614
9,-6.125654450261777,25.89956400129535
9,-5.1832460732984345,25.999068684048083
9,-4.240837696335078,26.03203572167301
9,-3.298429319371735,25.993990686204555
9,-2.356020942408378,25.98489697774244
9,-1.4136125654450211,25.91415998670801
9,-0.47120418848167844,25.862224472893516
9,0.47120418848167844,25.915479342142653
9,1.4136125654450211,26.099275483025576
9,2.356020942408378,26.348248905605658
9,3.2984293193717207,26.5773504045273
9,4.240837696335078,26.80947939554859
9,5.1832460732984345,27.034043947855587
9,6.125654450261777,27.213044696384053
9,7.068062827225134,27.306740019056516
9,8.010471204188477,27.50376256306955
9,8.952879581151834,27.684816890292595
9,9.895287958115176,27.86210653516988
9,10.837696335078533,28.128595670064314
9,11.78010471204189,28.30914465586348
9,12.722513089005233,28.47167460123683
9,13.66492146596859,28.521879302130937
9,14.607329842931932,28.516336017184717
9,15.54973821989529,28.51952287885886
9,16.492146596858632,28.49032762315531
9,17.43455497382199,28.422868516710007
9,18.376963350785346,28.2818181779648
9,19.31937172774869,28.081582069397005
9,20.261780104712045,27.96235762702108
9,21.204188481675388,27.872050497266876
9,22.146596858638745,27.71876260969367
9,23.089005235602087,27.513044781155116
9,24.031413612565444,27.306605550977856
9,24.9738219895288,27.16628826989058
9,25.916230366492144,27.11484230889213
9,26.8586387434555,26.775709258185625
9,27.801047120418843,26.155778778923867
9,28.7434554973822,25.55526394314224
9,29.685863874345543,25.056399981180693
9,30.6282722513089,24.65077972412091
9,31.570680628272257,24.23305108812115
9,32.5130890052356,23.694216940138187
9,33.455497382198956,23.046300570170043
9,34.3979057591623,22.448309792412797
9,35.340314136125656,21.932381100124893
9,36.282722513089,21.64746390448669
9,37.225130890052355,21.542313575744515
9,38.16753926701571,21.246624628702847
9,39.10994764397907,20.979444927639292
9,40.0523560209424,20.631638632880257
9,40.994764397905755,20.066886266072732
9,41.93717277486911,19.303018252054798
9,42.87958115183247,18.691484875149214
9,43.8219895287958,18.261939154730804
9,44.764397905759154,17.704389466179688
9,45.70680628272251,16.87606281704384
9,46.64921465968587,16.063793924119807
9,47.591623036649224,15.288125250074549
9,48.53403141361255,14.581004884507953
9,49.47643979057591,13.892519632975185
9,50.41884816753927,13.280752817789692
9,51.36125654450262,12.783320003085615
9,52.30366492146598,12.337115287780824
9,53.24607329842931,11.893326441446975
9,54.188481675392666,11.425911055670815
9,55.13089005235602,10.975879033406553
9,56.07329842931938,10.47744104597305
9,57.01570680628271,10.036881552802212
9,57.958115183246065,9.723851945665182
9,58.90052356020942,9.352027363247345
9,59.84293193717278,8.74759250217009
9,60.785340314136135,7.990115483601914
9,61.727748691099464,7.248914612664114
9,62.67015706806282,6.679001490275047
9,63.61256544502618,6.10592492421465
9,64.55497382198953,5.538429790072943
9,65.49738219895289,4.954064051310244
9,66.43979057591622,4.355346891615133
9,67.38219895287958,3.6392334832085353
9,68.32460732984293,2.991578208075619
9,69.26701570680629,2.276564492119682
9,70.20942408376962,1.7890362209744017
9,71.15183246073298,1.2213996251424148
9,72.09424083769633,0.5411444769965229
9,73.03664921465969,-0.16331169340345647
9,73.97905759162305,-0.8685952822367293
9,74.92146596858638,-1.6188572247823023
9,75.86387434554973,-2.267245716518835
9,76.80628272251309,-2.9220526483323974
9,77.74869109947645,-3.486060831281858
9,78.6910994764398,-3.974022070566838
9,79.63350785340313,-4.202188491821313
9,80.57591623036649,-4.400205824110258
9,81.51832460732984,-4.544514656066873
9,82.4607329842932,-4.663632392883299
9,83.40314136125653,-4.518574078877739
9,84.34554973821989,-4.5558873282538634
9,85.28795811518324,-4.640621079338901
9,86.2303664921466,-4.751247194078229
9,87.17277486910996,-4.86662907070584
9,88.11518324607329,-4.983701705932638
9,89.05759162303664,-4.996285650465212
9,90.0,-5.0187967088487495
10,-90.0,-49.685940848456504
10,-89.05759162303664,-49.50893057717202
10,-88.1151832460733,-48.267712381151306
10,-87.17277486910994,-46.04265250100047
10,-86.2303664921466,-43.76600811216566
10,-85.28795811518324,-41.09727080663031
10,-84.3455497382199,-38.886772632598884
10,-83.40314136125654,-37.89729685253592
10,-82.46073298429319,-37.18813991546634
10,-81.51832460732984,-37.03313838111013
10,-80.57591623036649,-37.21531947453831
10,-79.63350785340315,-37.19871134228194
10,-78.69109947643979,-36.86844666798917
10,-77.74869109947645,-35.95510954327036
10,-76.80628272251309,-34.754944695366945
10,-75.86387434554973,-33.29020950529323
10,-74.92146596858639,-31.628122223748196
10,-73.97905759162303,-30.2012338108485
10,-73.03664921465969,-28.414258162180527
10,-72.09424083769633,-26.138424608442346
10,-71.15183246073298,-23.586488829718714
10,-70.20942408376963,-21.35873375998615
10,-69.26701570680629,-19.03208875656126
10,-68.32460732984293,-16.235287825266475
10,-67.38219895287958,-13.46328751246131
10,-66.43979057591623,-11.198347091674814
10,-65.49738219895288,-9.589434517754489
10,-64.55497382198953,-8.064903365241117
10,-63.61256544502618,-6.323402934604195
10,-62.67015706806283,-4.729122691684286
10,-61.72774869109948,-3.4095588260226757
10,-60.78534031413612,-2.261221779717347
10,-59.84293193717278,-1.2605126698811773
10,-58.90052356020942,-0.41418319278293153
10,-57.95811518324607,0.3612514071994371
10,-57.01570680628272,1.071469730801054
10,-56.07329842931937,1.7311098310682542
10,-55.13089005235602,2.299497498406301
10,-54.18848167539267,2.8313231998019694
10,-53.24607329842932,3.3561646143595447
10,-52.303664921465966,3.923988130357541
10,-51.361256544502616,4.468585968017555
10,-50.41884816753927,5.008682250976557
10,-49.47643979057592,5.568696869744164
10,-48.53403141361257,6.1646369298299275
10,-47.59162303664922,6.761708259582496
10,-46.64921465968587,7.33895397186284
10,-45.70680628272251,7.9297541512383845
10,-44.76439790575916,8.544133504231747
10,-43.82198952879581,9.148606724209204
10,-42.87958115183246,9.696789741516124
10,-41.93717277486911,10.238405757480171
10,-40.99476439790576,10.824723879496322
10,-40.05235602094241,11.443947686089366
10,-39.109947643979055,11.993521054585703
10,-38.167539267015705,12.570580270555316
10,-37.225130890052355,13.12695535024
10,-36.282722513089006,13.76040564643006
10,-35.340314136125656,14.343406465318543
10,-34.397905759162306,14.908929930793024
10,-33.455497382198956,15.446763992309544
10,-32.5130890052356,16.021851221720443
10,-31.57068062827225,16.61917612287728
10,-30.6282722513089,17.254324277241896
10,-29.68586387434555,17.86412217881934
10,-28.7434554973822,18.444572766621828
10,-27.80104712041885,19.01323286692303
10,-26.8586387434555,19.509742736816502
10,-25.916230366492144,20.062066502041276
10,-24.9738219895288,20.619158426920485
10,-24.031413612565444,21.147018856472386
10,-23.0890052356021,21.603963534037316
10,-22.146596858638745,22.034321679009278
10,-21.204188481675388,22.412714746263195
10,-20.261780104712045,22.733484586080035
10,-19.31937172774869,22.99311987559002
10,-18.376963350785346,23.332244025336262
10,-17.43455497382199,23.710556877983894
10,-16.492146596858646,24.027158949110206
10,-15.54973821989529,24.280408011542484
10,-14.607329842931932,24.41869619157573
10,-13.66492146596859,24.66211605072034
10,-12.722513089005233,24.924666722615445
10,-11.78010471204189,25.164247618781225
10,-10.837696335078533,25.357078976101352
10,-9.89528795811519,25.568649291992323
10,-8.952879581151834,25.722679350111125
10,-8.010471204188477,25.926865683661454
10,-7.068062827225134,26.125898573133682
10,-6.125654450261777,26.215755886501825
10,-5.1832460732984345,26.249225298563598
10,-4.240837696335078,26.212871127658524
10,-3.298429319371735,26.12201796637626
10,-2.356020942408378,26.083553844027985
10,-1.4136125654450211,26.011997752719566
10,-0.47120418848167844,25.993373446994273
10,0.47120418848167844,26.074140866597396
10,1.4136125654450211,26.230614344279086
10,2.356020942408378,26.468304316202733
10,3.2984293193717207,26.679337183634296
10,4.240837696335078,26.872898525661988
10,5.1832460732984345,27.057211558024033
10,6.125654450261777,27.21751891242142
10,7.068062827225134,27.33225282033284
10,8.010471204188477,27.55720371670184
10,8.952879581151834,27.779403368631904
10,9.895287958115176,27.95789866977274
10,10.837696335078533,28.17185168796116
10,11.78010471204189,28.302154117160384
10,12.722513089005233,28.366626633537997
10,13.66492146596859,28.320314725240205
10,14.607329842931932,28.170125643412216
10,15.54973821989529,27.99407641092946
10,16.492146596858632,27.814130041334288
10,17.43455497382199,27.592652850680825
10,18.376963350785346,27.31963804033054
10,19.31937172774869,26.999306148952925
10,20.261780104712045,26.754692607455915
10,21.204188481675388,26.54656060536693
10,22.146596858638745,26.239734331766673
10,23.089005235602087,25.889749209086165
10,24.031413612565444,25.551050080193356
10,24.9738219895288,25.249159071180472
10,25.916230366492144,25.02508555518256
10,26.8586387434555,24.497975455390208
10,27.801047120418843,23.704497549268936
10,28.7434554973822,22.862161742316225
10,29.685863874345543,22.11109712388769
10,30.6282722513089,21.452949311998
10,31.570680628272257,20.822783999972803
10,32.5130890052356,20.087300724453502
10,33.455497382198956,19.262913491990787
10,34.3979057591623,18.496939235263547
10,35.340314136125656,17.841894361708004
10,36.282722513089,17.396617359585164
10,37.225130890052355,17.080692715114925
10,38.16753926701571,16.587127791510717
10,39.10994764397907,16.10607973734526
10,40.0523560209424,15.512165599399097
10,40.994764397905755,14.819796350267291
10,41.93717277486911,14.034017986721421
10,42.87958115183247,13.359425862630223
10,43.8219895287958,12.818231264750096
10,44.764397905759154,12.20785946316185
10,45.70680628272251,11.373386806911954
10,46.64921465968587,10.615606519911074
10,47.591623036649224,9.891500155131
10,48.53403141361255,9.197832319471592
10,49.47643979057591,8.57481892903641
10,50.41884816753927,8.009848912556953
10,51.36125654450262,7.50226137373179
10,52.30366492146598,7.062508794996507
10,53.24607329842931,6.670162200927756
10,54.188481675392666,6.318775706820999
10,55.13089005235602,5.922767003377264
10,56.07329842931938,5.379178259107808
10,57.01570680628271,4.9129329257541325
10,57.958115183246065,4.596307436625181
10,58.90052356020942,4.148649321662055
10,59.84293193717278,3.332361751132521
10,60.785340314136135,2.3185181087917806
10,61.727748691099464,1.418889045715333
10,62.67015706806282,0.7767969767252583
10,63.61256544502618,0.17113489574856133
10,64.55497382198953,-0.5087341732448978
10,65.49738219895289,-1.1538794835408568
10,66.43979057591622,-1.7589840359158015
10,67.38219895287958,-2.3898877567715022
10,68.32460732984293,-2.8555361959669234
10,69.26701570680629,-3.17978106604682
10,70.20942408376962,-3.186924457550066
10,71.15183246073298,-3.3575379053751653
10,72.09424083769633,-3.8078229692246954
10,73.03664921465969,-4.310996055603015
10,73.97905759162305,-4.7821231418185475
10,74.92146596858638,-5.759805043538388
10,75.86387434554973,-6.933832751380102
10,76.80628272251309,-7.991155836317305
10,77.74869109947645,-8.775719536675304
10,78.6910994764398,-9.574779457516202
10,79.63350785340313,-10.182870599958692
10,80.57591623036649,-10.765042304992713
10,81.51832460732984,-11.067036840650722
10,82.4607329842932,-11.266495545705151
10,83.40314136125653,-11.199244393242674
10,84.34554973821989,-11.167926046583412
10,85.28795811518324,-11.171109517415324
10,86.2303664921466,-11.192545043097603
10,87.17277486910996,-11.30116727617053
10,88.11518324607329,-11.37656021118169
10,89.05759162303664,-11.423914379543698
10,90.0,-11.451526853773348
11,-90.0,-40.82956276999557
11,-89.05759162303664,-40.698033968607476
11,-88.1151832460733,-39.78807067871122
11,-87.17277486910994,-37.98685746722765
11,-86.2303664921466,-35.97782474093966
11,-85.28795811518324,-33.44817935095881
11,-84.3455497382199,-31.37134467230904
11,-83.40314136125654,-30.21426391601583
11,-82.46073298429319,-29.355281458960665
11,-81.51832460732984,-29.001132700178236
11,-80.57591623036649,-28.969481309255087
11,-79.63350785340315,-28.957572989993732
11,-78.69109947643979,-28.787599245707263
11,-77.74869109947645,-28.283959865569926
11,-76.80628272251309,-27.310909218258434
11,-75.86387434554973,-25.959219084845763
11,-74.92146596858639,-24.395072831047997
11,-73.97905759162303,-23.158366839090863
11,-73.03664921465969,-21.59483268525857
11,-72.09424083769633,-19.67232757144492
11,-71.15183246073298,-17.515013800727004
11,-70.20942408376963,-15.551549116770506
11,-69.26701570680629,-13.596983273824055
11,-68.32460732984293,-11.262242847018726
11,-67.38219895287958,-8.882537417941599
11,-66.43979057591623,-6.88732634650337
11,-65.49738219895288,-5.453244103325766
11,-64.55497382198953,-4.185691515604632
11,-63.61256544502618,-3.0461533864339043
11,-62.67015706806283,-2.077074368794751
11,-61.72774869109948,-1.2259803348117415
11,-60.78534031413612,-0.43597009446886015
11,-59.84293193717278,0.27612898084852244
11,-58.90052356020942,0.9026851654052733
11,-57.95811518324607,1.4879490534464577
11,-57.01570680628272,2.0544244978163015
11,-56.07329842931937,2.62696202596029
11,-55.13089005235602,3.150215678744842
11,-54.18848167539267,3.6739054785834298
11,-53.24607329842932,4.204480701022691
11,-52.303664921465966,4.792838308546293
11,-51.361256544502616,5.351497968037896
11,-50.41884816753927,5.917208459642191
11,-49.47643979057592,6.507009930080801
11,-48.53403141361257,7.140686035156261
11,-47.59162303664922,7.783883412679016
11,-46.64921465968587,8.408220503065367
11,-45.70680628272251,9.059502601623596
11,-44.76439790575916,9.737837685479029
11,-43.82198952879581,10.392752223544576
11,-42.87958115183246,10.987604247199174
11,-41.93717277486911,11.5688218010796
11,-40.99476439790576,12.18648550245505
11,-40.05235602094241,12.822280459933758
11,-39.109947643979055,13.427439053853272
11,-38.167539267015705,14.046354293823258
11,-37.225130890052355,14.648460388183501
11,-36.282722513089006,15.2792686886257
11,-35.340314136125656,15.88748190138084
11,-34.397905759162306,16.493754916721045
11,-33.455497382198956,17.093285984463122
11,-32.5130890052356,17.71996402740488
11,-31.57068062827225,18.368654568990035
11,-30.6282722513089,19.034741613599852
11,-29.68586387434555,19.604498545328678
11,-28.7434554973822,20.12547662523049
11,-27.80104712041885,20.628925853305393
11,-26.8586387434555,21.055750528971483
11,-25.916230366492144,21.547552320692272
11,-24.9738219895288,22.054870181613417
11,-24.031413612565444,22.52508873409688
11,-23.0890052356021,22.91346624162466
11,-22.146596858638745,23.30616781446663
11,-21.204188481675388,23.623358302646125
11,-20.261780104712045,23.841979238722175
11,-19.31937172774869,23.99874210357669
11,-18.376963350785346,24.265038490295304
11,-17.43455497382199,24.552785343593968
11,-16.492146596858646,24.802158249749024
11,-15.54973821989529,24.9802995257908
11,-14.607329842931932,25.088320096333774
11,-13.66492146596859,25.285003556145693
11,-12.722513089005233,25.505892117818068
11,-11.78010471204189,25.697749667697497
11,-10.837696335078533,25.87088288201227
11,-9.89528795811519,26.051493432786867
11,-8.952879581151834,26.191213925679428
11,-8.010471204188477,26.321999761793244
11,-7.068062827225134,26.439434793260357
11,-6.125654450261777,26.448406325446307
11,-5.1832460732984345,26.440649138556548
11,-4.240837696335078,26.371154997083956
11,-3.298429319371735,26.256535212198752
11,-2.356020942408378,26.182122336493528
11,-1.4136125654450211,26.110390875074714
11,-0.47120418848167844,26.09477943844258
11,0.47120418848167844,26.171573532952106
11,1.4136125654450211,26.28970940907808
11,2.356020942408378,26.47971778445769
11,3.2984293193717207,26.640609953138416
11,4.240837696335078,26.791711171468197
11,5.1832460732984345,26.934726397196403
11,6.125654450261777,27.11908679538312
11,7.068062827225134,27.298480775621197
11,8.010471204188477,27.521204524569935
11,8.952879581151834,27.624436378478887
11,9.895287958115176,27.658084233601972
11,10.837696335078533,27.686828507317465
11,11.78010471204189,27.65182770623104
11,12.722513089005233,27.54200670454225
11,13.66492146596859,27.31601874033627
11,14.607329842931932,26.98141532474086
11,15.54973821989529,26.664294666714213
11,16.492146596858632,26.344475110371828
11,17.43455497382199,26.007548014322847
11,18.376963350785346,25.60818534427207
11,19.31937172774869,25.162637816535124
11,20.261780104712045,24.803491062588293
11,21.204188481675388,24.486080593532893
11,22.146596858638745,24.075585365295353
11,23.089005235602087,23.65798017713764
11,24.031413612565444,23.240113894144624
11,24.9738219895288,22.82683383093933
11,25.916230366492144,22.396895302666564
11,26.8586387434555,21.66581927405476
11,27.801047120418843,20.633591228061267
11,28.7434554973822,19.61062908172598
11,29.685863874345543,18.712022993299588
11,30.6282722513089,17.915971861945117
11,31.570680628272257,17.2378302680121
11,32.5130890052356,16.461610688103644
11,33.455497382198956,15.583291477627201
11,34.3979057591623,14.690037621392246
11,35.340314136125656,13.992402288648893
11,36.282722513089,13.543421533372621
11,37.225130890052355,13.216848479376818
11,38.16753926701571,12.69217565324574
11,39.10994764397907,12.165996975368836
11,40.0523560209424,11.525727377997459
11,40.994764397905755,10.740447574191693
11,41.93717277486911,9.875714831882027
11,42.87958115183247,9.13992394341363
11,43.8219895287958,8.430603027343706
11,44.764397905759154,7.554620954725458
11,45.70680628272251,6.49634361267094
11,46.64921465968587,5.56753359900583
11,47.591623036649224,4.720545662773969
11,48.53403141361255,3.910307036505814
11,49.47643979057591,3.1903252071804302
11,50.41884816753927,2.5294205347696903
11,51.36125654450262,1.969357066684291
11,52.30366492146598,1.5633037355211112
11,53.24607329842931,1.1631365882025855
11,54.188481675392666,0.7813792758517772
11,55.13089005235602,0.3324187596638998
11,56.07329842931938,-0.3191538916693788
11,57.01570680628271,-0.9427323871188705
11,57.958115183246065,-1.52633788850573
11,58.90052356020942,-2.271002345614963
11,59.84293193717278,-3.631859196556916
11,60.785340314136135,-5.273895581563332
11,61.727748691099464,-6.616958565182152
11,62.67015706806282,-7.705933782789421
11,63.61256544502618,-8.75419860415984
11,64.55497382198953,-9.87110784318707
11,65.49738219895289,-10.717553880479649
11,66.43979057591622,-11.393544938829246
11,67.38219895287958,-11.969035890367254
11,68.32460732984293,-12.325460804833257
11,69.26701570680629,-12.42530006832546
11,70.20942408376962,-12.057307773166302
11,71.15183246073298,-11.830783102247446
11,72.09424083769633,-11.986098183525845
11,73.03664921465969,-12.146140363481274
11,73.97905759162305,-12.330871370103551
11,74.92146596858638,-13.060628308190193
11,75.86387434554973,-14.046087476942322
11,76.80628272251309,-14.947778171963224
11,77.74869109947645,-15.63726859622524
11,78.6910994764398,-16.531737168630062
11,79.63350785340313,-17.15206082661957
11,80.57591623036649,-17.711255444420786
11,81.51832460732984,-18.11170079973001
11,82.4607329842932,-18.430816120571553
11,83.40314136125653,-18.04873286353208
11,84.34554973821989,-17.639900737338625
11,85.28795811518324,-17.312505669063924
11,86.2303664921466,-17.003983974456787
11,87.17277486910996,-16.820320447285976
11,88.11518324607329,-16.727274417877258
11,89.05759162303664,-16.638423601786247
11,90.0,-16.53503651089141
12,-90.0,-29.89702632692125
12,-89.05759162303664,-30.061724927690204
12,-88.1151832460733,-29.83525202009436
12,-87.17277486910994,-28.661799377865353
12,-86.2303664921466,-27.14640961752996
12,-85.28795811518324,-24.946569124857483
12,-84.3455497382199,-23.087277836269795
12,-83.40314136125654,-22.173895835876635
12,-82.46073298429319,-21.5148742993673
12,-81.51832460732984,-21.234585391150482
12,-80.57591623036649,-21.10003280639656
12,-79.63350785340315,-21.092017014821465
12,-78.69109947643979,-21.129280620151118
12,-77.74869109947645,-21.014679961734256
12,-76.80628272251309,-20.387930287255276
12,-75.86387434554973,-19.274655395084018
12,-74.92146596858639,-17.919401963551916
12,-73.97905759162303,-16.811952167087046
12,-73.03664921465969,-15.351570924123074
12,-72.09424083769633,-13.59679969151806
12,-71.15183246073298,-11.617705980936696
12,-70.20942408376963,-9.924900584750764
12,-69.26701570680629,-8.36477851867676
12,-68.32460732984293,-6.526340696546743
12,-67.38219895287958,-4.606797854105613
12,-66.43979057591623,-3.0691450966729095
12,-65.49738219895288,-2.0759255091349362
12,-64.55497382198953,-1.3627456029256104
12,-63.61256544502618,-0.7711655298868774
12,-62.67015706806283,-0.22187285953097802
12,-61.72774869109948,0.3007715013292103
12,-60.78534031413612,0.8351578182644338
12,-59.84293193717278,1.3903395334879474
12,-58.90052356020942,1.9287916819254576
12,-57.95811518324607,2.4657826953464173
12,-57.01570680628272,3.0037683910793778
12,-56.07329842931937,3.5565297868516788
12,-55.13089005235602,4.082004759046756
12,-54.18848167539267,4.625139236450182
12,-53.24607329842932,5.1775092018975295
12,-52.303664921465966,5.797320048014336
12,-51.361256544502616,6.388352711995413
12,-50.41884816753927,6.972800254821773
12,-49.47643979057592,7.581087854173406
12,-48.53403141361257,8.243246608310292
12,-47.59162303664922,8.926403151618084
12,-46.64921465968587,9.60216628180614
12,-45.70680628272251,10.300156487359006
12,-44.76439790575916,11.033342573377784
12,-43.82198952879581,11.748371548122757
12,-42.87958115183246,12.408104790581614
12,-41.93717277486911,13.042379591200062
12,-40.99476439790576,13.726563877529653
12,-40.05235602094241,14.420466105143179
12,-39.109947643979055,15.068189832899206
12,-38.167539267015705,15.702516025967089
12,-37.225130890052355,16.326921780904044
12,-36.282722513089006,16.977308379279183
12,-35.340314136125656,17.59374311235225
12,-34.397905759162306,18.20414511362725
12,-33.455497382198956,18.83564896053735
12,-32.5130890052356,19.478626569112244
12,-31.57068062827225,20.138180202907947
12,-30.6282722513089,20.770491176181235
12,-29.68586387434555,21.31731870439306
12,-28.7434554973822,21.813234223259727
12,-27.80104712041885,22.268155203925243
12,-26.8586387434555,22.65030034383151
12,-25.916230366492144,23.065238952636715
12,-24.9738219895288,23.45374520619702
12,-24.031413612565444,23.81588670942511
12,-23.0890052356021,24.07307508256707
12,-22.146596858638745,24.32106463114411
12,-21.204188481675388,24.49967988332105
12,-20.261780104712045,24.563172446356994
12,-19.31937172774869,24.6472074720595
12,-18.376963350785346,24.817408667670225
12,-17.43455497382199,25.025807698567625
12,-16.492146596858646,25.23054938846159
12,-15.54973821989529,25.376582781473868
12,-14.607329842931932,25.46470419565831
12,-13.66492146596859,25.652800136142446
12,-12.722513089005233,25.840106858147415
12,-11.78010471204189,26.029012680053736
12,-10.837696335078533,26.162653711107065
12,-9.89528795811519,26.305460717943124
12,-8.952879581151834,26.384010844760375
12,-8.010471204188477,26.44563367631691
12,-7.068062827225134,26.491616037156838
12,-6.125654450261777,26.49675909678148
12,-5.1832460732984345,26.516081809997516
12,-4.240837696335078,26.4717659420438
12,-3.298429319371735,26.379409578111293
12,-2.356020942408378,26.354896545410085
12,-1.4136125654450211,26.327578014797744
12,-0.47120418848167844,26.30979951222728
12,0.47120418848167844,26.34914663102883
12,1.4136125654450211,26.438719007704112
12,2.356020942408378,26.57056448194707
12,3.2984293193717207,26.694764349195545
12,4.240837696335078,26.79331461588551
12,5.1832460732984345,26.893502977159237
12,6.125654450261777,27.026995446946962
12,7.068062827225134,27.090764893425817
12,8.010471204188477,27.09970770941828
12,8.952879581151834,27.02491686079226
12,9.895287958115176,26.90353149837923
12,10.837696335078533,26.7689060635037
12,11.78010471204189,26.570150587293856
12,12.722513089005233,26.33020125495049
12,13.66492146596859,25.993927213880873
12,14.607329842931932,25.53912162780754
12,15.54973821989529,25.08585453033455
12,16.492146596858632,24.651405758327844
12,17.43455497382199,24.164591683281728
12,18.376963350785346,23.642735587225914
12,19.31937172774869,23.076973809136323
12,20.261780104712045,22.59607855478933
12,21.204188481675388,22.120052867465482
12,22.146596858638745,21.552573098076657
12,23.089005235602087,20.976556777954155
12,24.031413612565444,20.41530238257508
12,24.9738219895288,19.8440151214599
12,25.916230366492144,19.227634535895454
12,26.8586387434555,18.369172096252527
12,27.801047120418843,17.252838982476142
12,28.7434554973822,16.15395122104214
12,29.685863874345543,15.162421862284255
12,30.6282722513089,14.300287882486872
12,31.570680628272257,13.608711878458635
12,32.5130890052356,12.712740686204762
12,33.455497382198956,11.729312578837058
12,34.3979057591623,10.786823590596594
12,35.340314136125656,10.064693133036355
12,36.282722513089,9.592390590243838
12,37.225130890052355,9.21227603488493
12,38.16753926701571,8.654045157962388
12,39.10994764397907,8.010036574469616
12,40.0523560209424,7.2344537311129855
12,40.994764397905755,6.309924443562864
12,41.93717277486911,5.326906416151241
12,42.87958115183247,4.513284577263731
12,43.8219895287958,3.6434753206040895
12,44.764397905759154,2.658741633097323
12,45.70680628272251,1.5763523313734367
12,46.64921465968587,0.6256174511379704
12,47.591623036649224,-0.259374512566459
12,48.53403141361255,-1.0949393378363756
12,49.47643979057591,-1.769994099934883
12,50.41884816753927,-2.409315586090085
12,51.36125654450262,-3.0635951360066564
12,52.30366492146598,-3.582233905792254
12,53.24607329842931,-4.1111074553595754
12,54.188481675392666,-4.620915147993287
12,55.13089005235602,-5.141135480668803
12,56.07329842931938,-5.751349873012976
12,57.01570680628271,-6.271188735961923
12,57.958115183246065,-6.790135012732644
12,58.90052356020942,-7.558850182427308
12,59.84293193717278,-9.020506434970383
12,60.785340314136135,-10.63081571790909
12,61.727748691099464,-12.066496213277189
12,62.67015706806282,-13.147170967525874
12,63.61256544502618,-13.99671231375793
12,64.55497382198953,-14.785698890685953
12,65.49738219895289,-15.355081982082858
12,66.43979057591622,-15.800493505266013
12,67.38219895287958,-16.07888089285952
12,68.32460732984293,-16.19820939169984
12,69.26701570680629,-16.109094354841428
12,70.20942408376962,-15.573822710249257
12,71.15183246073298,-15.061318185594352
12,72.09424083769633,-15.06457810931726
12,73.03664921465969,-15.173087861802799
12,73.97905759162305,-15.24736499786368
12,74.92146596858638,-15.784916612836996
12,75.86387434554973,-16.520968013339626
12,76.80628272251309,-17.277795261806993
12,77.74869109947645,-17.94203254911626
12,78.6910994764398,-18.713573773702098
12,79.63350785340313,-19.269658300611813
12,80.57591623036649,-19.81207683351311
12,81.51832460732984,-20.196600966983272
12,82.4607329842932,-20.42797295252482
12,83.40314136125653,-20.081736776563744
12,84.34554973821989,-19.73895507388648
12,85.28795811518324,-19.5227908028496
12,86.2303664921466,-19.441537486182312
12,87.17277486910996,-19.504029273986827
12,88.11518324607329,-19.598030355241654
12,89.05759162303664,-19.603832986619675
12,90.0,-19.575822035471624
